id,calories,proteins,fat,carbohydrate,name,image,recipe
1,280.0,9.2,28.4,0.0,Abon,https://img-cdn.medkomtek.com/PbrY9X3ignQ8sVuj_LU9UXljyew=/0x0/smart/filters:quality(75):strip_icc():format(webp)/article/7g8ceHGDNMuttlBcXEl8d/original/099726800_1605161502-Mana-yang-Lebih-Sehat-Abon-Sapi-atau-Abon-Ayam-shutterstock_1361446550.jpg,https://resepkoki.id/resep/resep-abon-sapi/
2,513.0,23.7,37.0,21.3,Abon haruwan,https://img-global.cpcdn.com/recipes/cbf330fbd1ba6316/1200x630cq70/photo.jpg,https://cookpad.com/id/resep/2818137-abon-ikan-gabus-abon-iwak-haruan-khas-banjarmasin
29,98.0,3.9,2.6,14.8,Asinan Bogor sayuran,https://www.piknikdong.com/wp-content/uploads/2021/04/Resep-Asinan-Sayur-Bogor-Sederhana.jpg,https://cookpad.com/id/resep/17246098-asinan-sayur-bogor?ref=search&search_term=asinan%20sayuran%20bogor
31,297.0,35.9,15.2,1.6,Ayam goreng Kentucky sayap,https://img-global.cpcdn.com/recipes/2ecb088a495ef73a/680x482cq70/ayam-goreng-kentucky-foto-resep-utama.jpg,https://cookpad.com/id/resep/5252713-ayam-goreng-kentucky
32,270.0,32.3,11.2,9.9,Ayam ampela goreng,https://cdn1-production-images-kly.akamaized.net/MldE3BInsLHr9JgPKFlsYtmbV-E=/0x344:5472x3428/469x260/filters:quality(75):strip_icc():format(webp)/kly-media-production/medias/3142898/original/027275800_1591175314-shutterstock_188934800.jpg,https://food.detik.com/ayam/d-5698602/resep-ampela-ayam-goreng-tepung-yang-krispi-gurih
34,295.0,34.0,16.0,1.5,Ayam goreng church texa sayap,https://e7.pngegg.com/pngimages/66/902/png-clipart-church-s-chicken-bakery-chicken-nugget-fried-chicken-texas-chicken-church-s-chicken-bakery-thumbnail.png,https://cookpad.com/id/resep/17230379-sayap-ayam-crispy?ref=search&search_term=sayap%20ayam%20goreng%20crispy
35,338.0,35.2,20.6,0.4,Ayam goreng church texas dada,https://i0.wp.com/harga.web.id/wp-content/uploads/Harga-Texas-Chicken-Reguler-dan-Promo.jpg?fit=680%2C300&ssl=1,https://www.yummy.co.id/resep/dada-ayam-goreng-crispy
36,275.0,37.4,12.2,1.3,Ayam goreng kalasan paha,https://thumb.viva.id/intipseleb/1265x711/2022/10/21/6352aa183c0c1-resep-ayam-goreng-kalasan.jpg,https://www.yummy.co.id/resep/ayam-goreng-kalasan-43
37,298.0,34.2,16.8,0.1,Ayam goreng kentucky dada,https://awsimages.detik.net.id/community/media/visual/2021/07/07/kirim-pesan-unik-kfc-2_43.jpeg?w=1200,https://www.yummy.co.id/resep/dada-ayam-goreng-crispy
39,295.0,39.2,13.6,1.0,Ayam goreng mbok berek dada,https://img-global.cpcdn.com/recipes/d15c8abab4246c58/680x482cq70/ayam-goreng-mbok-berek-foto-resep-utama.jpg,https://endeus.tv/resep/ayam-goreng-mbok-berek-rumahan-untuk-dimakan-bersama-keluarga
40,287.0,31.0,15.7,1.7,Ayam goreng paha,https://cdn1-production-images-kly.akamaized.net/EwEm3hoNsTm-YZSonSqX2IlcAaY=/1200x1200/smart/filters:quality(75):strip_icc():format(webp)/kly-media-production/medias/2938630/original/066858200_1571039590-shutterstock_153914045.jpg,https://www.yummy.co.id/resep/paha-ayam-goreng-1
41,246.0,37.9,9.0,0.7,Ayam goreng pasundan dada,https://d1sag4ddilekf6.cloudfront.net/compressed_webp/items/6-C2DTTVLGUBJ3T6-C2DTTXDVTNJXLA/detail/menueditor_item_b01be5494e6b4600867dbcbc0dcd1ed2_1607529952400513906.webp,https://cookpad.com/id/resep/1737078-ayam-goreng-bumbu-lengkuas-khas-pasundan
42,245.0,33.1,11.4,0.3,Ayam goreng pasundan paha,https://d1sag4ddilekf6.cloudfront.net/compressed_webp/items/IDITE2021041504584013744/detail/menueditor_item_de1f8bfb500e483d903ccb2e25a29a7d_1618462649639007677.webp,https://cookpad.com/id/resep/1737078-ayam-goreng-bumbu-lengkuas-khas-pasundan
44,244.0,36.7,9.2,1.0,Ayam goreng sukabumi dada,https://i0.wp.com/i.gojekapi.com/darkroom/gofood-indonesia/v2/images/uploads/d5baa5ea-bad6-4cc6-b6fe-a0c4a9a86979_Go-Biz_20211222_160332.jpeg,https://cookpad.com/id/resep/3956036-ayam-goreng-sukabumi
45,283.0,35.7,14.3,0.5,Ayam goreng sukabumi paha,https://i0.wp.com/i.gojekapi.com/darkroom/gofood-indonesia/v2/images/uploads/60ef5b81-53d7-4375-a9a3-b7eb2aed3b2a_master-menu-item-image_1597233742745.jpg?resize=728%2C500,https://cookpad.com/id/resep/3956036-ayam-goreng-sukabumi
47,264.0,18.2,20.1,2.7,Ayam taliwang masakan,https://asset.kompas.com/crops/-oAqlkfrKHaqebhytdtKz-JV6ls=/4x0:1000x664/750x500/data/photo/2020/12/22/5fe16c7655542.jpg,https://resepkoki.id/resep/resep-ayam-taliwang/
49,113.0,17.6,4.2,0.0,Babat,https://awsimages.detik.net.id/community/media/visual/2022/05/26/resep-bacem-babat-sapi.jpeg?w=1200,https://cookpad.com/id/resep/16697492-babat-goreng-madura?ref=search&search_term=babat%20goreng
55,102.9,3.3,2.7,16.3,Bacang,https://cdn1-production-images-kly.akamaized.net/dmeIqjoEQPYVHvwOwc32D8B7EcI=/1200x675/smart/filters:quality(75):strip_icc():format(webp)/kly-media-production/medias/1495067/original/082497700_1486023784-bacang-fsui_wodpress.jpg,https://cookpad.com/id/resep/16663339-bacang-segitiga-buras-segitiga?ref=search&search_term=bacang%20beras
56,450.0,3.2,13.9,78.1,Bagea kelapa asin,https://resepkoki.id/wp-content/uploads/2018/02/Resep-Kue-Bagea.jpg,https://cookpad.com/id/resep/15050045-kue-bagiak-kelapa?ref=search&search_term=bagea%20kelapa
63,272.0,8.7,6.7,44.1,Bakpia kue,https://asset.kompas.com/crops/BZ6Z25Y0XcjtoHBInh10nGsMM2Q=/3x0:700x465/750x500/data/photo/2021/03/17/60514d8851d3e.jpeg,https://www.kompas.com/food/read/2021/03/17/093700475/resep-bakpia-isi-kacang-hijau-teksturnya-lembut-di-mulut
64,76.0,4.1,2.5,9.2,Bakso ,https://asset.kompas.com/crops/x6OULHa8pMi47UnvDTzf1j62ov4=/3x0:700x465/750x500/data/photo/2022/08/25/6306b48bb80a1.jpeg,https://www.fimela.com/food/read/4999782/5-resep-bakso-sapi-kenyal-dan-kres?page=3
66,280.0,8.2,10.2,39.0,Bakwan,https://i0.wp.com/resepkoki.id/wp-content/uploads/2019/04/Resep-Bakwan-Jagung-1.jpg?fit=1749%2C1920&ssl=1,https://cookpad.com/id/resep/22673435-bakwan-jagung?ref=search&search_term=bakwan
69,159.0,3.1,5.8,23.5,Barongko,https://upload.wikimedia.org/wikipedia/commons/5/5e/Barongko_hendak_dimakan.jpg,https://cookpad.com/id/resep/22607126-barongko?ref=search&search_term=barongko
89,300.0,24.0,20.7,4.5,Bebek daging goreng,https://asset.kompas.com/crops/y8jlET9Zwl-5iykdc5t58sS-_KY=/0x52:1000x719/750x500/data/photo/2020/07/14/5f0d253a6edd5.jpg,https://cookpad.com/id/resep/22546581-bebek-goreng?ref=search&search_term=bebek%20daging%20goreng
90,65.0,1.1,5.2,3.5,Beberuk,https://s.kaskus.id/images/2019/11/21/10218416_20191121013811.jpg,https://cookpad.com/id/resep/22667829-sambal-beberuk-terung-khas-lombok?ref=search&search_term=beberuk
91,258.0,10.6,9.5,32.5,Beef burger,https://cdn.id9.site/burgerax/media/2020/09/beef-burger-e1644156606108.jpeg,https://www.allrecipes.com/recipe/25473/the-perfect-basic-burger/
92,151.0,8.6,3.1,22.3,Beef teriyaki masakan,https://www.masakapahariini.com/wp-content/uploads/2020/12/resep-beef-teriyaki-2-500x300.jpg,https://cookpad.com/id/resep/3905717-beef-teriyaki-ala-hokben
93,132.0,9.8,1.1,20.7,Beef yakiniku masakan,https://asset.kompas.com/crops/awoHyKStB8lI_yqs1PTI3VjIHsE=/78x42:958x629/750x500/data/photo/2022/12/08/6391613d09412.jpg,https://cookpad.com/id/resep/2685343-beef-yakiniku-ala2-hokben
94,116.0,11.9,4.9,6.1,Bekasam,https://assets-a1.kompasiana.com/items/album/2021/11/13/bekasam-kuliner-fermentasi-khas-wong-sumsel-shd-1-removebg-preview-618f54d2c26b771c5c083212.png,https://cookpad.com/id/resep/15939846-tumis-pekasam
95,78.0,11.4,2.0,3.6,Bekasang,https://www.surabayapagi.com/po-content/photo/big/a782bead716a8dbee3762c8c79ec4e54.jpg,https://cookpad.com/id/resep/16199579-81-bakasang-tumis
96,131.0,20.2,4.3,2.8,Belibis daging segar,https://assets.tokko.io/2bbdc42e-f0c6-494e-ae09-9d177af2ec61/products/images/cc352d35-2818-45ed-9a63-03f4fbd2247b,https://cookpad.com/id/resep/17030646-belibis-goreng
99,417.0,25.9,19.4,32.0,Belut goreng,https://asset.kompas.com/crops/EIwKgK9ZA21scjpbrA9zMJehUIU=/100x67:900x600/750x500/data/photo/2021/03/23/6059483f259e2.jpeg,https://cookpad.com/id/resep/17275690-belut-goreng-bumbu-ketumbar
138,154.0,3.0,4.5,25.5,Bihun Goreng ,https://img.kurio.network/ZxAfF4qJQbpTcsTwVZ5fxE-8_no=/1200x1200/filters:quality(80)/https://kurio-img.kurioapps.com/21/10/17/f29f0fe9-7b93-498a-a6fe-2e0abc82e509.jpe,https://cookpad.com/id/resep/22662005-bihun-goreng
139,381.0,6.1,3.9,80.3,Bihun goreng instan,https://img-global.cpcdn.com/recipes/98b4c2fca1b1e699/1200x630cq70/photo.jpg,https://cookpad.com/id/resep/15769372-bihun-goreng-ayam-pakai-bihun-instan
145,199.0,2.1,1.5,44.4,Bika ambon,https://upload.wikimedia.org/wikipedia/commons/4/43/Kue_bika_ambon.JPG,https://cookpad.com/id/resep/16813559-bika-ambon
146,225.7,3.0,0.3,52.9,Bika Ambon ,https://kurio-img.kurioapps.com/21/08/09/550ddc82-8004-49fe-a427-197fead4eec3.jpe,https://cookpad.com/id/resep/16813559-bika-ambon
156,186.0,11.7,9.7,13.0,Botok lamtoro,https://sweetrip.id/wp-content/uploads/2022/05/botok-lamtoro.jpg,https://cookpad.com/id/resep/17173220-botok-lamtoro
157,249.0,3.4,0.4,58.0,Brem,https://upload.wikimedia.org/wikipedia/commons/c/c4/Brem_Madiun.JPG,https://kumparan.com/tips-dan-trik/21JVV6dUuKV
159,141.0,15.3,3.3,12.6,Brongkos,https://asset.kompas.com/crops/GCuybR2DVru6BFg_rszv6WI4n_g=/0x0:1000x667/780x390/data/photo/2020/11/02/5f9f84e0407e9.jpg,https://food.detik.com/sayur/d-5754811/resep-brongkos-jogja-pakai-daging-dan-tahu-yang-mantap-bumbunya
175,60.0,1.0,60.0,13.0,Bubur ,https://awsimages.detik.net.id/community/media/visual/2021/12/13/resep-bubur-ayam-cincang_43.jpeg?w=1200,https://food.detik.com/nasi/d-5852528/resep-bubur-ayam-cincang-yang-lembut-creamy-buat-sarapan
176,167.0,0.2,4.0,33.0,Bubur sagu,https://img-global.cpcdn.com/recipes/541f0543f5b40b2a/680x482cq70/bubur-sagu-foto-resep-utama.jpg,https://cookpad.com/id/resep/14436191-bubur-sagu
177,156.0,2.3,0.2,15.6,Bubur tinotuan (Manado),https://asset.kompas.com/crops/8IPl4RcIfLh3fkwXhKHPuPHqoz8=/81x22:892x563/750x500/data/photo/2020/05/13/5ebbdec618a37.jpg,https://www.kompas.com/food/read/2020/07/21/071100475/sarapan-sehat-dan-nikmat-resep-bubur-manado-tinutuan
178,72.0,11.4,4.9,1.4,Bulgogi masakan,https://asset.kompas.com/crops/MGdiKvcc-R0j5purun8FmiLeX_U=/0x0:0x0/750x500/data/photo/2020/12/23/5fe2c9413a6ce.jpg,https://www.haibunda.com/moms-life/20200526131835-90-142715/resep-beef-bulgogi-olahan-daging-sapi-lezat-khas-korea-selatan
179,212.0,16.9,0.2,47.6,Bulung Jajan,https://chanelmuslim.com/wp-content/uploads/2016/04/jaje-bulung.jpg,https://sajiansedap.grid.id/read/10747631/jaje-bulung
180,237.0,14.7,0.2,56.0,Bulung Sangu,https://upload.wikimedia.org/wikipedia/commons/thumb/7/79/Bulung.jpg/1200px-Bulung.jpg,https://bali.suara.com/read/2023/10/05/113641/rujak-bulung-boni-khas-bali-menu-rumput-laut-yang-biasa-diidamkan-ibu-hamil
182,60.0,5.1,0.5,8.5,Buncis asam,https://asset-a.grid.id/crop/0x0:0x0/700x465/photo/sasefoto/original/35264_asem-asem-buncis.JPG,https://sajiansedap.grid.id/read/10763483/asem-asem-buncis-menu-sederhana-yang-nikmatnya-tak-terkira?page=all
189,106.0,4.4,6.3,7.9,Buntil ,https://asset.kompas.com/crops/vCayyRtg4fGtL3Y9EnpXrWr_TIw=/3x0:700x465/750x500/data/photo/2021/02/08/6020e623372b3.jpg,https://sajiansedap.grid.id/read/10731824/kombinasi-unik-daun-singkong-daging-ayam-bisa-kita-hadirkan-lewat-sajian-buntil-ayam
191,125.7,3.3,1.9,23.9,Buras ,https://www.masakapahariini.com/wp-content/uploads/2022/06/resep-buras.jpg,https://www.masakapahariini.com/resep/resep-buras/
199,155.0,20.1,3.8,10.2,Cakalang asar (asap papua),https://indonesiakaya.com/wp-content/uploads/2020/10/Ikan_Asar_yang_sudah_matang_dan_siap_untuk_disajikan_atau_diolah_lagi_.jpg,https://cookpad.com/id/resep/15928264-512-asar-sous-khas-maluku-ikan-cakalang-asap?ref=search&search_term=ikan%20asar%20cakalang
200,323.0,4.9,11.5,50.1,Cake tape,https://resepkoki.id/wp-content/uploads/2016/12/Resep-Bolu-Tape.jpg,https://resepkoki.id/resep/resep-bolu-tape/
201,102.0,3.2,6.0,8.7,Cammetutu,https://1.bp.blogspot.com/-Zmr_06Y7tCo/Xgw2ac9m9JI/AAAAAAAAEwg/qTFriUUdEGUpqOfGkkxvlY5STGOXhlUiQCLcBGAsYHQ/s1600/Camme%2BTuttu.png,https://cookpad.com/id/resep/16739926-52-gulai-daun-ubi-daun-singkong?ref=search&search_term=resep%20sayuran%20daun%20ubi
203,97.0,5.8,6.3,4.2,Cap cai sayur,https://awsimages.detik.net.id/community/media/visual/2021/12/25/resep-capcay-kuah-kental.jpeg?w=1200,https://www.bacaresepdulu.com/resep-capcay-kuah/
205,460.0,0.8,18.7,17.2,Cassavastick,https://img-global.cpcdn.com/recipes/28197e7ad5840e48/680x482cq70/cassava-cheese-stick-with-veggies-foto-resep-utama.jpg,https://cookpad.com/mz/receitas/13432385-cassava-stick
210,168.0,13.0,9.6,7.5,Chicken teriyaki masakan,https://img-global.cpcdn.com/recipes/ff7dc38da72458fa/680x482cq70/ayam-teriyaki-ala-hokben-foto-resep-utama.jpg,https://resepkoki.id/resep/resep-chicken-ayam-teriyaki/
211,143.0,9.8,1.4,22.8,Chicken Yaikiniku,nutrition_Images/211.image.145513.jpg,https://kompas.com/food/read/2021/06/30/161000575/resep-chicken-yakiniku-paprika-pakai-bahan-lokal
217,241.0,16.0,25.0,0.0,Corned Beef,https://www.jessicagavin.com/wp-content/uploads/2023/03/corned-beef-hash-15-1200.jpg,https://cookpad.com/id/resep/5078600-corned-beef
219,84.0,6.0,6.0,1.4,Coto Makasar sapi masakan,https://asset.kompas.com/crops/ljY1r3f3HJaNEuLip3iARQOaK-E=/0x1226:3000x3226/750x500/data/photo/2021/06/11/60c2acf88c6f0.jpg,https://selerasa.com/resep-coto-makassar-kuliner-nusantara-yang-enak-dan-lezat
222,265.0,40.6,10.1,0.0,Cumi-cumi goreng,https://i0.wp.com/resepmasakandapurarie.com/wp-content/uploads/2014/09/Resep-Cumi-Goreng-Tepung-Crispy-.jpg,https://resepkoki.id/resep/resep-cumi-goreng-tepung-calamari/
302,55.0,4.0,0.5,8.5,Daun Singkong lodeh,https://asset.kompas.com/crops/mxv9DRtBdiPbq6Lb9lPvPEn4Mtk=/0x0:1000x667/750x500/data/photo/2020/10/21/5f8f3ec62aee7.jpg,https://www.kompas.com/food/read/2020/10/21/070700775/resep-gulai-daun-singkong-khas-padang-bisa-untuk-menu-sarapan
303,31.0,3.7,0.6,4.8,Daun Singkong rebus,https://img-global.cpcdn.com/recipes/0aba29b97a7b109f/680x482cq70/daun-singkong-rebus-ala-rm-padang-foto-resep-utama.jpg,https://cookpad.com/id/resep/10634810-daun-singkong-rebus-ala-rm-padang
306,27.0,1.3,0.2,5.9,Daun talas rebus,https://archive.netralnews.com/foto/2020/04/13/76-daun_talas_sangat_lezat_dibuat_masakan_buntil.jpg,https://www.youtube.com/watch?v=qV3cPRwPFWQ
314,56.0,3.1,0.3,13.0,Daun ubi merah kukus,https://cdn1-production-images-kly.akamaized.net/53ShO_wlxOo4hIuWjKZKBK2QLvQ=/469x260/smart/filters:quality(75):strip_icc():format(webp)/kly-media-production/medias/2580229/original/025700500_1546586996-resep-tumis-daun-ubi-jalar.jpg,https://www.fimela.com/lifestyle/read/3760046/resep-tumis-daun-ubi-jalar
318,260.0,2.0,15.0,53.0,Deblo ,https://img-global.cpcdn.com/recipes/613bae93e873b173/680x482cq70/deblo-foto-resep-utama.jpg,https://cookpad.com/id/cari/deblo
319,382.0,55.7,14.1,8.0,Dendeng belut goreng,https://selerasa.com/wp-content/uploads/2015/11/images_dendeng-belut.JPG,https://selerasa.com/resep-dan-cara-membuat-dendeng-belut-yang-mudah-dan-sederhana
320,433.0,55.0,9.0,0.0,Dendeng Daging Sapi,https://awsimages.detik.net.id/community/media/visual/2022/02/20/resep-dendeng-sapi-medan_43.jpeg?w=700&q=90,https://food.detik.com/resep-pembaca/d-5950407/resep-pembaca-resep-dendeng-sapi-medan-yang-gurih-pedas-nampol
321,598.0,74.3,26.9,9.2,Dendeng mujahir goreng,https://img-global.cpcdn.com/recipes/c49ebd05c391ae54/680x482cq70/dendeng-mujair-foto-resep-utama.jpg,https://cookpad.com/id/resep/13592665-dendeng-mujair
324,248.0,10.0,2.3,40.9,Djibokum masakan,https://drive.google.com/file/d/1LZOGoU3M3XcPbU5_HaAZ26ybCTbiTXpT/view?usp=sharing,https://cookpad.com/id/resep/10786601-dwaejigogi-bokkeum
325,395.0,3.0,5.7,81.2,Dodol,https://asset.kompas.com/crops/e3JycmGm1r9fr7krT-Kj-p7R3m0=/32x18:1000x664/750x500/data/photo/2023/03/03/64014f11134b7.jpeg,https://bangka.sonora.id/read/503715953/kenyal-dan-manis-gurih-berikut-cara-membuat-dodol-garut-3-bahan
326,298.0,3.7,2.1,65.9,Dodol bali,https://awsimages.detik.net.id/community/media/visual/2022/06/13/dodol-khas-bali-berbungkus-kulit-jagung-kering-buatan-perajin-dodol-di-desa-penglatan-kecamatan-buleleng-kabupaten-buleleng_169.jpeg?w=620,https://www.detik.com/bali/berita/d-6123994/jaen-intip-pembuatan-dodol-khas-bali-di-desa-penglatan-buleleng
331,17.5,3.3,2.3,39.5,Dodonkol ,https://www.piknikdong.com/wp-content/uploads/2022/06/Resep-Awug-Sederhana.jpg,https://id.pinterest.com/pin/533535887115841646/
340,248.0,36.2,6.9,10.1,Empal (daging) Goreng masakan,https://cdn-2.tstatic.net/batam/foto/bank/images/resep-empal.jpg,https://selerasa.com/resep-dan-cara-memasak-empal-daging-sapi-goreng-yang-empuk-dan-gurih
341,590.0,18.5,57.0,0.0,Empal Goreng,https://ikafood.com/wp-content/uploads/2020/09/Empal-Gepuk.jpg,https://selerasa.com/resep-dan-cara-memasak-empal-daging-sapi-goreng-yang-empuk-dan-gurih
342,345.0,12.0,1.5,71.5,Emping (kerupuk melinjo),nutrition_Images/342.image.150745.jpg,https://cookpad.com/id/resep/3530047-emping-melinjo-homemade
343,403.0,10.6,2.2,85.3,Emping beras,https://id-test-11.slatic.net/p/8d475dd96749024eb4626810ea458829.jpg,https://cookpad.com/id/resep/4877051-emping-tepung-beras
346,538.0,13.6,30.3,52.6,Enting-enting gepuk hello kity,https://lzd-img-global.slatic.net/g/p/46ae93d66169830341e0450a39d663b5.jpg_720x720q80.jpg_.webp,https://resepedia.id/resep/enting-enting-gepuk
347,524.0,13.3,29.2,52.0,Enting-enting gepuk kacang tanah,https://eventkampus.com/data/artikel/2/enting-enting-khas-salatiga-asal-usul-dan-kandungan-nutrisi-dalam-enting-enting.jpeg,https://resepedia.id/resep/enting-enting-gepuk
348,565.0,18.2,38.4,36.8,Enting-enting wijen,https://img-global.cpcdn.com/recipes/fb33825abf7ebb72/680x482cq70/enting-enting-kacang-wijen-foto-resep-utama.jpg,https://resepedia.id/resep/enting-enting-wijen
351,156.7,3.0,1.7,32.7,Es Krim (Coconut milk) ,https://cdn.nutritioninthekitch.com/wp-content/uploads/2022/03/Coconut-ice-cream-5-800x1184.jpg,https://cookpad.com/id/resep/9564875-coconut-milk
352,152.0,0.0,0.0,37.6,Es Mambo ,https://www.masakapahariini.com/wp-content/uploads/2020/06/es-mambo.jpg,https://cookpad.com/id/resep/3135496-es-mambo-rainbow
353,44.8,0.0,0.0,11.3,Es Sirup ,"https://cdn.yummy.co.id/content-images/images/20220619/xfaVB26SMb4zm5RAt72MsKdSiArIkWyc-31363535363231363533d41d8cd98f00b204e9800998ecf8427e.jpg?x-oss-process=image/resize,w_388,h_388,m_fixed,x-oss-process=image/format,webp",https://www.yummy.co.id/resep/es-sirup
356,137.0,6.1,3.2,21.0,Gado-gado,https://img.kurio.network/rlKzeW_1_iLZ-JMm9fFHX-rGdIE=/1200x1200/filters:quality(80)/https://kurio-img.kurioapps.com/22/06/22/53264347-b7ba-4257-852d-04e3d1b4e4e5.jpe,https://resepkoki.id/resep/resep-gado-gado-betawi/
362,13.0,0.3,0.6,1.6,Gambas lodeh,"https://cdn.yummy.co.id/content-images/images/20210411/n8JWL5o9Saqut50aP4W9cCHqob98nCg8-31363138313239343736d41d8cd98f00b204e9800998ecf8427e.jpg?x-oss-process=image/resize,w_388,h_388,m_fixed,x-oss-process=image/format,webp",https://www.yummy.co.id/resep/lodeh-gambas-soun
370,347.0,1.3,0.7,83.8,Gatot,https://upload.wikimedia.org/wikipedia/commons/f/fb/19._Gathot_2.jpg,https://resepkoki.id/resep/resep-gatot-singkong/
371,195.0,0.4,1.7,44.4,Geblek,https://assets.pikiran-rakyat.com/crop/13x117:1065x1297/x/photo/2022/07/22/2059763332.jpg,https://cookpad.com/id/resep/277260-geblek
375,274.0,1.7,5.4,55.5,Gemblong,https://asset.kompas.com/crops/I3Y-iWTZTZ0TLo5ZTtNqPtrya_s=/0x73:1280x926/750x500/data/photo/2020/08/16/5f3913fdc5e69.jpg,https://cookpad.com/id/resep/22667198-gemblong?ref=search&search_term=gemblong
376,407.0,6.4,28.2,32.0,Gendar goreng,https://img-global.cpcdn.com/recipes/8740dfff5f5019cb/1200x630cq70/photo.jpg,https://cookpad.com/id/resep/11385859-gendar-goreng
378,350.0,1.4,14.4,53.6,Geplak,https://www.tuguwisata.com/wp-content/uploads/2017/10/chefjourneys_3_10_2017_14_6_38_173.jpg,https://www.yummy.co.id/resep/geplak
380,75.0,8.2,2.0,6.0,Gete kuah asam masakan,https://nilaigizi.com/assets/images/produk/produk_1535785356.jpg,https://cookpad.com/id/resep/179873-ikan-kuah-asam-menado
381,360.0,1.3,6.4,74.3,Getuk goreng,https://resepkoki.id/wp-content/uploads/2016/03/Resep-Getuk-goreng.jpg,https://resepkoki.id/resep/resep-getuk-goreng/
382,171.4,4.0,4.0,32.0,Getuk Lindri ,https://asset-a.grid.id/crop/0x0:0x0/x/photo/2018/12/21/1509136869.jpg,https://resepkoki.id/resep/resep-getuk-lindri/
383,144.0,1.1,0.4,34.1,Getuk pisang,https://asset.kompas.com/crops/l3xnQh1pGb-JXXnQlqwMVzdfRMo=/0x0:1000x667/750x500/data/photo/2022/12/25/63a7a3ef59ddd.jpeg,https://resepkoki.id/resep/resep-getuk-pisang/
384,204.0,0.5,1.4,47.4,Getuk singkong,https://images.tokopedia.net/img/KRMmCm/2022/8/9/d04d11c4-f1e5-4595-8166-a53955b475ca.jpg,https://resepkoki.id/resep/resep-getuk-lindri/
388,53.0,1.6,1.6,8.8,Gudeg ,https://cdn1-production-images-kly.akamaized.net/IpYTbngk7MSDqY-O2zh-l35oxxs=/1200x1200/smart/filters:quality(75):strip_icc():format(jpeg)/kly-media-production/medias/776636/original/012158200_1417956101-gudeg.jpg,https://food.detik.com/sayur/d-5272175/resep-gudeg-jogja-yang-sedap-ngangeni
389,160.0,3.3,9.2,16.0,Gudeg sayur,https://1.bp.blogspot.com/-dubLmtxl4XI/V9NzynrpH4I/AAAAAAAAZTY/Mh8U8r2Fy58EWteb0ARFDyZWj7Wot4n0ACLcB/s1600/A%2BGUDEG%2BBASAH%2BIG.jpg,https://cookpad.com/id/resep/17094108-sayur-gudegjangan-gori-tahu-telur-bebek?ref=search&search_term=sayur%20gudeg
394,52.0,10.0,0.5,1.8,Gulai asam keueung masakan,https://img-global.cpcdn.com/recipes/8f989c17e5803c3b/680x482cq70/gulai-asam-keueng-asam-pedas-tongkol-seafoodfestival-foto-resep-utama.jpg,https://cookpad.com/id/resep/9473915-gulai-asam-keueung-v1
395,106.0,16.5,3.3,2.5,Gulai ikan masakan,https://sweetrip.id/wp-content/uploads/2022/10/1.jpg,https://www.masakapahariini.com/resep/cara-membuat-gulai-ikan-kakap/
397,126.0,4.2,9.4,6.2,Gulai kambing,https://kbu-cdn.com/dk/wp-content/uploads/gulai-kambing.jpg,https://www.masakapahariini.com/resep/resep-gulai-kambing-santan-empuk-dan-tidak-berbau-untuk-idul-adha/
398,110.0,5.9,8.2,3.2,Gulai keumamah masakan,https://img-global.cpcdn.com/recipes/d43cbe5d1ad0490d/680x482cq70/gulai-keumamah-foto-resep-utama.jpg,https://cookpad.com/id/resep/5232448-gulai-keumamah
399,143.0,4.0,11.4,6.0,Gulai pakis,https://www.agrowindo.com/wp-content/uploads/2017/06/Gulai-pakis-agrowindo.jpg,https://cookpad.com/id/resep/22670210-gulai-paku-pakis?ref=search&search_term=gulai%20pakis
400,176.0,7.3,14.9,3.2,Gulai pliek,https://mediakom.kemkes.go.id/wp-content/uploads/2021/08/kuah-pliek-u.png,https://cookpad.com/id/resep/17084572-gulai-pliek-daun-pepaya-jepang?ref=search&search_term=gulai%20pliek
401,132.0,9.0,7.2,7.8,Gulai tiram masakan,https://img-global.cpcdn.com/recipes/09856a93968f8df1/1200x630cq70/photo.jpg,https://cookpad.com/id/resep/15974000-gulai-jamur-tiram?ref=search&search_term=gulai%20tiram
402,192.0,12.7,10.1,12.7,Gurame asem manis masakan,https://d12man5gwydfvl.cloudfront.net/wp-content/uploads/2020/03/shutterstock_1561182373.jpg,https://cookpad.com/id/resep/16762319-gurame-asam-manis?ref=search&search_term=gurame%20asam%20manis
403,218.0,0.5,2.5,48.5,Gurandil,https://i.ytimg.com/vi/xDsBbOWMWJo/maxresdefault.jpg,https://cookpad.com/id/resep/17239060-cenil-cethil-gurandil?ref=search&search_term=gurandil
410,146.0,17.7,5.9,5.6,Ikan asar merah masakan,https://t-2.tstatic.net/medan/foto/bank/images2/Resep-Ikan-Asar-dan-Cara-Membuatnya-Hidangan-Khas-Maluku.jpg,https://cookpad.com/id/resep/4977665-ikan-bumbu-merah
411,380.0,33.6,27.5,0.0,Ikan Asin bilis goreng,https://img-global.cpcdn.com/recipes/446879a009d58694/1200x630cq70/photo.jpg,https://www.masakan-rumahan.com/recipe/resep-ikan-bilis-goreng-balado-ikan-bilih-goreng-baldo-ikan-bilih-asli-danau-singkarak/
412,456.0,46.5,24.4,0.0,Ikan Asin gabus goreng,https://images.tokopedia.net/img/cache/700/product-1/2019/7/27/6486945/6486945_99c1b375-e266-42bb-b539-f5731fb74114_960_960.jpg,https://cookpad.com/id/resep/13404935-ikan-asin-gabus-goreng-simpel?ref=search&search_term=Ikan%20asin%20gabus%20goreng
413,348.0,18.7,29.5,0.0,Ikan Asin japuh goreng,https://img-global.cpcdn.com/recipes/756a62f3201bd80c/1200x630cq70/photo.jpg,https://cookpad.com/id/resep/16562626-ikan-asin-japuh-crispy-bestiesnya-sayur-asem-ala-pawon-si-mbok?ref=search&search_term=Ikan%20Asin%20japuh%20goreng
415,430.0,58.2,23.6,0.0,Ikan Asin pari goreng,https://img-global.cpcdn.com/recipes/Recipe_2015_01_31_12_33_39_810_87c9c03bd7c9a069b268/680x482cq70/ikan-pari-goreng-foto-resep-utama.jpg,https://cookpad.com/id/resep/206649-ikan-pari-goreng
416,652.0,40.4,54.3,0.0,Ikan Asin pepetek goreng,https://img-global.cpcdn.com/recipes/63c1692184e591d6/1200x630cq70/photo.jpg,https://cookpad.com/id/resep/14216056-petek-asin-goreng-crispy
423,296.0,17.1,20.3,11.3,Ikan bandeng presto masakan,https://www.philips.com/c-dam/b2c/id_ID/experience/ho/cooking/iikan-goreng-thumbnail.jpg,https://resepkoki.id/resep/resep-ikan-bandeng-presto/
430,128.0,18.0,3.0,7.2,Ikan Belida bakar,https://nilaigizi.com/assets/images/produk/produk_1535645437.JPG,https://www.resepistimewa.com/4-resep-bumbu-ikan-bakar-spesial-super-lezat/
468,252.0,19.9,19.1,0.0,Ikan Lele goreng,https://kbu-cdn.com/dk/wp-content/uploads/lele-goreng-bumbu-lengkuas.jpg,https://cookpad.com/id/resep/22655584-lele-goreng-kriuk?ref=search&search_term=lele%20goreng
474,188.0,19.3,12.2,0.0,Ikan Mas goreng,https://cdn1-production-images-kly.akamaized.net/PoXdFBAzit7rJj6MDEQSxQ35dT8=/0x462:5162x3371/1200x675/filters:quality(75):strip_icc():format(webp)/kly-media-production/medias/2930376/original/062217400_1570175183-shutterstock_445394449.jpg,https://cookpad.com/id/resep/22667668-ikan-mas-goreng?ref=search&search_term=ikan%20mas%20goreng
475,209.0,15.2,11.3,11.8,Ikan Mas pepes,https://assets.pikiran-rakyat.com/crop/0x0:0x0/x/photo/2022/01/06/1877204615.jpg,https://cookpad.com/id/resep/17245589-pepes-ikan-mas?ref=search&search_term=ikan%20mas%20pepes
477,598.0,74.3,26.9,9.2,Ikan Mujair dendeng goreng,https://img-global.cpcdn.com/recipes/c49ebd05c391ae54/680x482cq70/dendeng-mujair-foto-resep-utama.jpg,https://cookpad.com/id/resep/13592665-dendeng-mujair
479,416.0,46.9,23.9,0.0,Ikan Mujair goreng,https://kurio-img.kurioapps.com/22/10/07/3521e216-d7b3-498d-a045-95973e196c36.jpg,https://cookpad.com/id/resep/22667434-ikan-goreng-mujair-bumbu-kuning?ref=search&search_term=mujair%20goreng
480,121.0,21.7,2.8,0.8,Ikan Mujair pepes,https://sweetrip.id/wp-content/uploads/2022/10/a-pepeas.jpg,https://cookpad.com/id/resep/17196528-pepes-ikan-mujair?ref=search&search_term=mujair%20pepes
484,152.0,17.6,6.1,6.7,Ikan Papuyu bakar,https://img-global.cpcdn.com/recipes/c0df8c1401aba288/1200x630cq70/photo.jpg,https://cookpad.com/id/resep/14555364-ikan-papuyu-bakar?ref=search&search_term=Ikan%20Papuyu%20bakar
486,144.0,17.5,6.3,4.3,Ikan Patin bakar,https://awsimages.detik.net.id/community/media/visual/2022/05/16/resep-ikan-patin-bakar-bumbu-kecap-pedas_43.jpeg?w=1200,https://cookpad.com/id/resep/22562153-ikan-patin-bakar-ala-banjarmasin?ref=search&search_term=Ikan%20Patin%20bakar
498,240.0,21.7,7.7,20.7,Ikan sanggang masakan,https://img-global.cpcdn.com/recipes/fafa134ca5a95acb/680x482cq70/ikan-bakar-kelabau-ala-mamak-tya-foto-resep-utama.jpg,https://cookpad.com/id/resep/16492002-ikan-bakar-kecap-bawang-pedas-simple?ref=search&search_term=Ikan%20sanggang%20bakar
526,474.0,7.6,21.6,62.3,Intip goreng,https://img-global.cpcdn.com/recipes/4dece0e171a7ee52/1200x630cq70/photo.jpg,https://cookpad.com/id/resep/16004686-19-intip-goreng-kriuk-bawang-uyah?ref=search&search_term=Intip%20goreng
528,156.0,2.7,1.3,33.3,Jagung grontol,https://img-global.cpcdn.com/recipes/763fb46246f99eb2/680x482cq70/grontol-jagung-foto-resep-utama.jpg,https://cookpad.com/id/resep/17079255-grontol-jagung?ref=search&search_term=Jagung%20grontol
573,381.7,9.5,9.5,65.8,Jenang ,https://cdn.idntimes.com/content-images/community/2022/01/fromandroid-fbaa0f050bd3678e2e78518c3020f9f9_600x400.jpg,https://cookpad.com/id/resep/5231575-dodol-ketanjenang-ketan-gula-merah
583,15.0,15.2,4.3,8.8,Jukku pallu kaloa masakan,"https://blue.kumparan.com/image/upload/fl_progressive,fl_lossy,c_fill,q_auto:best,f_jpg,w_480/bj0crytdzulie8ypcyxz.jpg",https://resepkoki.id/resep/resep-pallu-basa/
650,513.0,17.5,32.5,44.3,Kacang Tanah rempeyek,https://img.okezone.com/content/2020/06/15/298/2230610/resep-peyek-kacang-tanah-dan-udang-rebon-renyah-bikin-terus-ngunyah-3j0ZqjZUGs.jpg,https://cookpad.com/id/resep/22664049-rempeyek-kacang?ref=search&search_term=rempeyek%20kacang
654,748.0,20.8,20.8,124.8,Kacang Telur ,https://img-global.cpcdn.com/recipes/18de1fa4c4094900/400x400cq70/photo.jpg,https://cookpad.com/id/resep/17317566-kacang-telur-renyah-dan-mudah?ref=search&search_term=kacang%20telur
659,451.0,11.2,20.2,59.7,Kacang Tunggak rempeyek,https://img-global.cpcdn.com/recipes/dc9828ce49f235aa/680x482cq70/peyek-kacang-tunggaktemas-foto-resep-utama.jpg,https://cookpad.com/id/resep/17140358-peyek-kacang-tolokacang-tunggak?ref=search&search_term=Kacang%20Tunggak%20rempeyek
664,413.0,28.7,19.8,29.8,Kaholeo masakan,https://img-global.cpcdn.com/recipes/e82d99f1eb64c14b/680x482cq70/ikan-teri-kaholeo-masak-asam-khas-buton-sulawesi-foto-resep-utama.jpg,https://cookpad.com/id/resep/3187327-ikan-teri-kaholeo-masak-asam-khas-buton-sulawesi
667,163.0,16.5,9.0,4.1,Kalio jeroan masakan,https://img-global.cpcdn.com/recipes/2031e463b74f84a0/1200x630cq70/photo.jpg,https://cookpad.com/id/resep/17266508-kalio-hati-dan-paru-sapi?ref=search&search_term=Kalio%20jeroan
668,122.0,13.8,5.7,3.9,Kalio kikil (tunjang) masakan,https://asset.kompas.com/crops/mqYtGN3S_jZncBl0Ug8aj0WNS0E=/0x0:1000x667/750x500/data/photo/2021/03/01/603c964830992.jpg,https://cookpad.com/id/recipe/images/46bd4ee5f2710992
669,157.0,8.1,8.8,11.4,Kalio otak masakan,https://asset-a.grid.id/crop/0x0:0x0/700x465/photo/sasefoto/original/32036_kalio-otak.JPG,https://www.topwisata.info/2023/09/resep-gulai-otak-sapi-khas-minang-yang-autentik-dan-dijamin-rasanya-sedap.html
670,193.0,10.6,12.4,9.7,Kalio telur masakan,https://img-global.cpcdn.com/recipes/642209af1316da73/680x482cq70/kalio-telur-foto-resep-utama.jpg,https://cookpad.com/id/resep/16249946-kalio-telur-sayur?ref=search&search_term=kalio%20telur
677,52.0,1.8,3.6,3.0,Kangkung tumis,https://scm-assets.constant.co/scm/unilever/e9dc924f238fa6cc29465942875fe8f0/17ea3056-4e78-4d25-bd54-cf3a9296188b.jpg,https://cookpad.com/id/resep/22677607-sayur-tumis-kangkung?ref=search&search_term=tumis%20kangkung
680,41.0,2.0,0.3,7.8,Kapurung,https://rasabunda.com/wp-content/uploads/2021/08/Kapurung.jpg,https://cookpad.com/id/resep/16928140-kapurung-sagu-khas-sulawesi?ref=search&search_term=Kapurung
681,158.0,4.4,3.2,27.8,Kapusa,https://nilaigizi.com/assets/images/produk/produk_1538364792.jpg,https://cookpad.com/id/resep/12223567-kerupuk-basah-khas-kapuas-hulu-ala-kakwil
683,146.7,5.9,5.9,19.7,Karedok ,https://asset.kompas.com/crops/szsUOraQ00vakiV0314KT6-71v8=/0x0:1000x667/750x500/data/photo/2021/07/07/60e56c9f60649.jpg,https://cookpad.com/id/resep/22591267-karedok-no-ribet-ribet?ref=search&search_term=Karedok
684,92.0,2.2,3.3,14.1,Karedok sayur,https://asset.kompas.com/crops/jbNcoL1_PmijICoxtO4126XbZgM=/0x0:1000x667/780x390/data/photo/2021/07/07/60e56c9f60649.jpg,https://cookpad.com/id/resep/22625452-karedok-sayur?ref=search&search_term=Karedok
685,292.0,11.2,11.2,2.8,Karoket ,https://img-global.cpcdn.com/recipes/3ac8414039a793c2/680x482cq70/karoket-indomie-foto-resep-utama.jpg,https://cookpad.com/id/resep/17293907-kroket-singkong?ref=search&search_term=karoket
691,464.0,1.2,18.6,73.0,Kecimpring singkong goreng,https://www.eresep.com/media/images/resep/2020/11/18/u9be0rva491sknkbkqfhhuifa1kecip.jpg.1000x650_q85.jpg,https://cookpad.com/id/resep/305506-kecimpring-singkong-kerupuk-singkong
704,214.0,5.4,5.4,40.2,Kelepon ,https://caramembuat.id/wp-content/uploads/2022/06/Cara-Membuat-Klepon-Ketan-Khas-Bali.webp,https://cookpad.com/id/resep/22673209-klepon?ref=search&search_term=klepon
708,380.0,48.9,13.8,23.3,Kembang tahu,https://asset.kompas.com/crops/sgS6iHzRJjt2l5GMjgtm8spQscM=/0x0:1000x667/750x500/data/photo/2020/08/22/5f412ff8eee87.jpg,https://cookpad.com/id/resep/17267167-wedang-kembang-tahu-susu-murni?ref=search&search_term=kembang%20tahu
722,475.0,1.6,25.5,64.4,Keremes,https://1.bp.blogspot.com/-7vUY82UReBs/WTbWbqEd68I/AAAAAAAAG4k/isry-Tn67FQgLbx5nqz5ZVhpQeAMHkaSACLcB/s1600/23-04-12-2863049_540b3cf5-8735-4432-9749-3805a501b746.jpg,https://cookpad.com/id/resep/16608559-136-kremes-ubi-gula-merah?ref=search&search_term=Keremes%20gula%20merah
724,586.0,4.9,40.6,50.2,Keripik bayam,https://asset.kompas.com/crops/jYESdylVwVMIxcGzRhIFfZhPjnI=/0x28:1000x694/750x500/data/photo/2021/06/12/60c3ff4b72ad0.jpeg,https://cookpad.com/id/resep/16616754-kerupuk-bayam?ref=search&search_term=kerupuk%20bayam
725,446.0,2.8,14.5,76.0,Keripik gadung,https://www.ngadipuro.desa.id/desa/upload/artikel/sedang_1634355777_keripik-gadung.jpg,https://cookpad.com/id/resep/11162325-keripik-singkong-rasa-gadung?ref=search&search_term=keripik%20gadung
726,448.0,2.7,18.8,67.1,Keripik kentang,https://asset.kompas.com/crops/TaJKfxhk6isVM1cCWS03MJ-LeZw=/32x12:1000x657/780x390/data/photo/2022/05/25/628d7e2eb24a9.jpg,https://cookpad.com/id/resep/22625847-keripik-kentang?ref=search&search_term=keripik%20kentang
727,485.0,1.7,22.2,69.7,Keripik lampung,https://img-global.cpcdn.com/recipes/42103518f5a03444/680x482cq70/keripik-pisang-coklat-khas-lampung-foto-resep-utama.jpg,https://cookpad.com/id/resep/16745107-keripik-pisang-lampung-varian-rasa-coklat-susu?ref=search&search_term=keripik%20lampung
728,598.0,8.3,43.8,42.6,Keripik oncom,https://images.tokopedia.net/img/cache/700/product-1/2020/8/16/58377017/58377017_c917b0cd-8da8-412b-834f-792308dd5144_538_538,https://sajiansedap.grid.id/read/103762551/resep-kripik-oncom-camilan-praktis-dan-renyah-yang-bisa-dibuat-pemula
729,478.0,0.9,20.7,72.0,Keripik singkong,https://www.astronauts.id/blog/wp-content/uploads/2022/09/Olahan-Keripik-Khas-Indonesia-yang-Bikin-Kamu-Ketagihan-1024x683.jpg,https://cookpad.com/id/resep/17077110-keripik-singkong?ref=search&search_term=keripik%20singkong
730,481.0,2.2,19.7,73.6,Keripik singkong berbumbu,https://www.primarasa.co.id/images/images/Keripik%20Singkong%20Balado%20-%20resep.jpg,https://cookpad.com/id/resep/17061334-keripik-singkong-kukus-pedas-manis?ref=search&search_term=keripik%20singkong
731,581.0,12.1,40.6,41.7,Keripik tempe,https://assets.pikiran-rakyat.com/crop/0x0:0x0/750x500/photo/2022/07/19/1076813219.png,https://cookpad.com/id/resep/17084425-keripik-tempe-kriuk?ref=search&search_term=keripik%20tempe
732,542.0,40.3,42.4,11.6,Keripik tempe abadi murni,8597be9ee32588c99d9ad731093cd18a (640×640) (shopee.co.id),https://cookpad.com/id/resep/17084425-keripik-tempe-kriuk?ref=search&search_term=keripik%20tempe
733,510.0,12.3,27.9,52.4,Keripik tempe abadi sedang,kripik_tempe_abadi.jpg (600×450) (bukalapak.com),https://cookpad.com/id/resep/17084425-keripik-tempe-kriuk?ref=search&search_term=keripik%20tempe
734,529.0,20.8,31.7,40.2,Keripik tempe abadi telur,https://s2.bukalapak.com/img/7559256151/large/kripik_tempe_abadi.jpg,https://cookpad.com/id/resep/17084425-keripik-tempe-kriuk?ref=search&search_term=keripik%20tempe
735,486.0,0.2,23.9,67.6,Keripik ubi,https://kurio-img.kurioapps.com/21/09/02/38b4842e-bbd0-4c81-9ac4-2f41364dfbfc.jpe,https://cookpad.com/id/resep/17306970-kripik-ubi-balado?ref=search&search_term=kripik%20ubi
737,350.0,0.5,0.2,85.9,Kerupuk Aci,https://alatpresplastik.com/wp-content/uploads/2022/01/kekekeru.jpg,https://cookpad.com/id/resep/17233673-cipuk-aci-kerupuk-khas-bandung?ref=search&search_term=kerupuk%20aci
738,444.0,6.9,14.6,71.3,Kerupuk cumi goreng,https://pesonanusantara.co.id/images/upload//p/e/pes-kerupuk-cumi-mgl.jpg,https://cookpad.com/id/resep/2486099-krupuk-cumi-cumi-by-erni-hartantiamd?ref=search&search_term=kerupuk%20cumi
741,504.0,5.6,28.1,57.1,Kerupuk kemplang goreng,https://asset.kompas.com/crops/Qu-uGRiw6A4NINs_6VhIZBrvp1I=/0x386:667x831/750x500/data/photo/2021/05/12/609b4a1d9af08.jpg,https://www.fimela.com/food/read/4698963/resep-kerupuk-kemplang-khas-palembang
743,422.0,83.0,4.0,0.0,Kerupuk Kulit kerbau,https://halalmui.org/wp-content/uploads/2022/09/2022-09-01-Kerupuk-Kulit-Kenali-Bahaya-dan-Potensi-Haramnya.jpg,https://cookpad.com/id/resep/15329155-kerupuk-kulit-kerbau-kerupuk-rambak-ala-rumahan?ref=search&search_term=kerupuk%20kulit%20kerbau
745,431.0,11.1,16.2,63.0,Kerupuk Melinjo tebal goreng asin,https://assets.indozone.id/content/2021/10/31/qEsgvo3/gampang-ini-cara-membuat-emping-melinjo-yang-gurih-dan-renyah30_700.jpg,https://cookpad.com/id/resep/8616702-goreng-empingkerupuk-melinjo?ref=search&search_term=kerupuk%20melinjo
746,439.0,10.0,16.4,65.7,Kerupuk Melinjo tebal goreng manis,https://assets.indozone.id/content/2021/10/31/qEsgvo3/gampang-ini-cara-membuat-emping-melinjo-yang-gurih-dan-renyah30_700.jpg,https://cookpad.com/id/resep/8616702-goreng-empingkerupuk-melinjo?ref=search&search_term=kerupuk%20melinjo
747,485.0,11.5,24.5,59.1,Kerupuk Melinjo tipis goreng,https://assets.indozone.id/content/2021/10/31/qEsgvo3/gampang-ini-cara-membuat-emping-melinjo-yang-gurih-dan-renyah30_700.jpg,https://cookpad.com/id/resep/8616702-goreng-empingkerupuk-melinjo?ref=search&search_term=kerupuk%20melinjo
748,476.0,0.1,21.1,71.3,Kerupuk mie kuning goreng,https://id-test-11.slatic.net/p/b79efc608cc0f1f4b19fe026565838ae.jpg,https://cookpad.com/id/resep/13407128-menggoreng-kerupuk-mie-kuning
750,340.0,30.0,30.0,52.0,Kerupuk Udang ,https://cdn0-production-images-kly.akamaized.net/ihQHCeKhKldhY8YlTDkiu0ObeqE=/261x0:928x667/1200x900/filters:quality(75):strip_icc():format(webp)/kly-media-production/medias/3265798/original/012419700_1602564070-shutterstock_1736290877.jpg,https://resepkoki.id/resep/resep-kerupuk-udang/
751,359.0,17.2,68.2,332.0,Kerupuk Udang berpati,https://img.my-best.id/content_section/choice_component/sub_contents/e0b644d7e1f923673ed9a295a0ad422f.jpg?ixlib=rails-4.3.1&q=70&lossless=0&w=690&fit=max&s=685a7bbc6d1dd6e991aa9c8ec4d49919,https://resepkoki.id/resep/resep-kerupuk-udang/
752,477.0,4.7,20.5,68.5,Kerupuk udang goreng,https://asset.kompas.com/crops/Vol7WU4iu3WSWKNB3nhw8RFCJdE=/0x9:1000x675/750x500/data/photo/2021/07/27/60ff6fb81ffaf.jpg,https://resepkoki.id/resep/resep-kerupuk-udang/
755,181.0,4.0,1.2,37.3,Ketan hitam matang,https://asset.kompas.com/crops/agGJ3o2lK5eMmT-VkGdijGLjgpQ=/0x0:1000x667/750x500/data/photo/2020/10/26/5f965ccbd7c1a.jpg,https://cookpad.com/id/resep/22612835-bubur-ketan-hitam?ref=search&search_term=ketan%20hitam%20matang
756,163.0,3.0,0.4,35.7,Ketan putih matang,https://asset-a.grid.id/crop/0x0:0x0/700x465/photo/2018/10/13/211488655.jpg,https://cookpad.com/id/resep/17153113-bubur-ketan-putih?ref=search&search_term=ketan%20putih%20matang
757,340.0,11.0,11.0,54.0,Ketapang ,https://cdn0-production-images-kly.akamaized.net/bEFvWpDkZsFCndvlKQ2liamvXwM=/0x287:3046x2004/1200x675/filters:quality(75):strip_icc():format(webp)/kly-media-production/medias/3989958/original/069432700_1649474910-biji_ketapang.jpg,https://cookpad.com/id/resep/22551344-biji-ketapang-renyah-empuk-donk-tanpa-telur?ref=search&search_term=ketapang
763,153.0,7.9,7.7,13.0,Ketoprak,https://asset.kompas.com/crops/BiN_oCxCDgkO09b1B_FPfZuvGBw=/0x0:739x493/750x500/data/photo/2020/01/29/5e318845429db.jpg,https://cookpad.com/id/resep/17270335-ketoprak-ala-abang?ref=search&search_term=ketoprak
765,212.0,4.0,4.6,38.6,Ketupat ketan,https://awsimages.detik.net.id/community/media/visual/2022/05/01/ketupat-ketan-khas-sumatra-2.jpeg?w=1200,https://cookpad.com/id/resep/22528997-ketupat-ketan?ref=search&search_term=ketupat%20ketan
766,109.6,2.6,2.6,18.6,Ketupat Tahu ,https://asset-a.grid.id/crop/0x0:0x0/x/photo/2021/06/09/resep-kupat-tahu-menu-sarapan-n-20210609032448.jpg,https://cookpad.com/id/resep/16911876-tahu-campur-kupat?ref=search&search_term=ketupat%20tahu
793,440.0,3.8,18.5,64.5,Kue ali,https://awsimages.detik.net.id/community/media/visual/2022/06/21/resep-kue-cincin_43.jpeg?w=1200,https://cookpad.com/id/resep/16738988-kue-cincin-kue-ali-tanpa-santan?ref=search&search_term=kue%20ali
794,186.7,1.6,1.6,39.6,Kue Apem ,https://cdn0-production-images-kly.akamaized.net/1vXhapwViv08dtFYbhhKKEfqiJ0=/0x542:4608x3139/1200x675/filters:quality(75):strip_icc():format(webp)/kly-media-production/medias/3479555/original/004272600_1623394884-shutterstock_1952418853.jpg,https://cookpad.com/id/resep/22670959-apem-jawa-tape-singkong?ref=search&search_term=apem
795,338.0,1.5,1.2,80.3,Kue bangket,https://asset.kompas.com/crops/1zdz3_jE_GfEVcRZKtgL2GokVrA=/0x0:1000x667/750x500/data/photo/2023/02/24/63f805fb8890f.jpeg,https://cookpad.com/id/resep/17276488-kue-bangket-sagu-susu-ala-fe?ref=search&search_term=bangket
796,240.0,1.0,4.0,54.0,Kue Bugis ,https://asset.kompas.com/crops/hHVyMg5BiDHITqTbKdbpz1Un4_c=/0x0:1000x667/750x500/data/photo/2022/06/21/62b109f77f78c.jpeg,https://cookpad.com/id/resep/16957790-bugis-ubi-ungu?ref=search&search_term=bugis
797,425.0,1.6,8.8,84.6,Kue jahe,https://kurio-img.kurioapps.com/21/07/21/7ff9c395-9dea-492e-b3a0-ec9c7287dc04.jpe,https://cookpad.com/id/resep/16241948-gingerbread-coffee?ref=search&search_term=kue%20jahe
798,591.0,5.6,42.1,47.5,Kue kelapa,https://assets.suaramerdeka.com/crop/0x0:0x0/750x500/webp/photo/2023/01/03/3184254010.png,https://cookpad.com/id/resep/22660826-kue-kelapa-goreng?ref=search&search_term=kue%20kelapa
799,366.0,4.2,4.3,7.9,Kue Koya ,https://media.karousell.com/media/photos/products/2018/08/23/koya_kacang_suuk_asli_bandung_1535029115_863b9a71_progressive.jpg,https://cookpad.com/id/resep/16916348-kue-koyah-kacang-hijau?ref=search&search_term=kue%20koya
800,291.0,3.6,11.1,44.1,Kue lumpur,https://img.kurio.network/u_ismzhaT5An97OjUr0AzVYEjCE=/1200x900/filters:quality(80)/https://kurio-img.kurioapps.com/21/09/21/eec4bac2-8193-41bd-b249-22a4afc28519.jpe,https://cookpad.com/id/resep/22972770-kue-lumpur-kentang?ref=search&search_term=lumpur
801,182.0,1.0,1.0,40.4,Kue mangkok ,https://asset.kompas.com/crops/EUNcgQqWtMLzjyycRK-jWqJPg5Q=/3x0:700x465/750x500/data/photo/2021/01/13/5ffe348f5e49a.jpg,https://cookpad.com/id/resep/22674149-kue-mangkokkue-apem-terigu?ref=search&search_term=kue%20mangkok
802,126.7,0.7,0.7,57.3,Kue Pacar Cina ,https://asset.kompas.com/crops/jkimxsmqIcyNJ_UjeHGJML9sT_4=/0x0:698x465/750x500/data/photo/2021/02/20/603069ab80f59.jpg,https://cookpad.com/id/resep/16950495-kue-pacar-cina?ref=search&search_term=Kue%20Pacar%20Cina
803,296.0,1.4,1.4,66.4,Kue Pia ,https://www.resepkuerenyah.com/wp-content/uploads/2015/05/Resep-Kue-Pia-Kacang-Hijau.jpg,https://cookpad.com/id/resep/17123585-582-pasta-kacang-hijau-isian-bakpao-pia-roti-kue-tokku?ref=search&search_term=kue%20pia
804,304.0,5.3,7.0,54.9,Kue putu cangkir,https://i.ytimg.com/vi/GH8hVDZ3AZA/maxresdefault.jpg,https://cookpad.com/id/resep/14783666-putu-cangkir?ref=search&search_term=putu%20cangkir
805,217.0,1.2,0.5,53.2,Kue putu singkong,https://asset.kompas.com/crops/4HYsevQAK_PJOcsTRt4Tl0vo4YI=/0x0:1000x667/750x500/data/photo/2021/06/10/60c19ee3dbc24.jpg,https://cookpad.com/id/resep/14783666-putu-cangkir?ref=search&search_term=putu%20cangkir
806,393.3,2.7,2.7,79.3,Kue Satu ,https://upload.wikimedia.org/wikipedia/commons/thumb/1/1b/Kue_satu_2.JPG/640px-Kue_satu_2.JPG,https://cookpad.com/id/resep/17277122-kue-satu-susu?ref=search&search_term=kue%20satu
807,380.0,1.0,1.0,92.0,Kue Semprong ,https://asset.kompas.com/crops/jT3TeOZw6jjDRXgh1-P9Yrz0enI=/0x0:1000x667/750x500/data/photo/2022/01/21/61ea314112848.jpg,https://cookpad.com/id/resep/17200925-216-kue-gapit-semprong?ref=search&search_term=semprong
808,221.0,7.5,10.2,24.8,Kue sus,https://statics.indozone.news/local/63abe8c5a2d3e.jpg,https://cookpad.com/id/resep/22655529-kue-sus-aka-choux?ref=search&search_term=kue%20sus
809,180.0,5.0,5.0,32.0,Kue Talam ,"https://cdn.yummy.co.id/content-images/images/20220319/ZDxMHnPOfZAq6tXHCLa9WsgeVwHh5Wb2-31363437363439303336d41d8cd98f00b204e9800998ecf8427e.jpg?x-oss-process=image/format,webp",https://cookpad.com/id/resep/22677151-kue-talam-singkong-lumer-no-kukus?ref=search&search_term=kue%20talam
810,512.0,26.0,26.0,60.4,Kue Tambang ,https://asset.kompas.com/crops/x2yGurVUxpP-COxvvOjVx2P7lL0=/100x67:900x600/750x500/data/photo/2022/04/14/62578f6fbc8b8.jpg,https://cookpad.com/id/resep/17196926-kue-untir-untirkue-tambang?ref=search&search_term=kue%20tambang
811,247.0,2.9,4.2,49.5,Kue thipan,https://asset.kompas.com/crops/fXb2bs6UVUJNODIGbh7aFfAzUE4=/41x33:950x639/750x500/data/photo/2021/03/05/6041b846aa175.jpg,https://www.resepkuerenyah.com/cara-membuat-kue-timpan-aceh/
817,242.0,19.0,17.0,3.0,Kwark (Quark),https://www.24kitchen.nl/files/styles/header_small/public/2018-03/shutterstock_1015365694.jpg?itok=ILdve5p_,https://cookpad.com/id/resep/11752290-kefir-quark?ref=search&search_term=quark
831,389.0,6.6,15.7,55.5,Lapis legit,https://kurio-img.kurioapps.com/21/03/03/fba953f2-c456-49e3-bec5-7adc1cbfd5a6.jpe,https://endeus.tv/resep/kue-lapis-legit
832,174.0,17.0,10.0,3.0,Lawar babi masakan,https://cdn.idntimes.com/content-images/post/20211019/203152501-4176779059011518-795637125163020240-n-c5aa3d72f7ca0ec57070d7c1a60cf2b2_600x400.jpg,https://www.idntimes.com/food/recipe/prila-arofani/resep-lawar-babi-ala-rumahan
834,159.0,5.0,10.9,10.1,Lawara jangang masakan,https://img-global.cpcdn.com/recipes/2bad2876953a328b/680x482cq70/lawara-jangang-foto-resep-utama.jpg,https://cookpad.com/id/resep/3112180-lawara-jangang
837,15.0,1.0,0.4,1.9,Lema/ Rebung asam,https://img-global.cpcdn.com/recipes/e8525bb6dc19cd61/400x400cq70/photo.jpg,https://cookpad.com/id/resep/4959830-gulai-rebung-asam-khas-bengkulu
843,36.0,0.0,0.0,10.0,Lemon Squasih,https://i0.wp.com/blog.duniamasak.com/wp-content/uploads/Manfaat-dari-Citrus-Squash.jpg?fit=900%2C520&ssl=1,https://bp-guide.id/AXPMZ0DZ
844,30.0,0.0,0.0,8.0,Lemonade,https://awsimages.detik.net.id/community/media/visual/2020/12/11/lemonade.jpeg?w=700&q=90,https://food.detik.com/resep/d-5291922/meriahkan-perayaan-tahun-baru-dengan-3-kreasi-resep-lemonade-segar
845,221.3,3.8,3.6,43.4,Lemper ,https://awsimages.detik.net.id/community/media/visual/2022/03/30/resep-lemper-ayam_43.jpeg?w=1200,https://food.detik.com/kue/d-6007529/resep-lemper-ayam-yang-pulen-gurih-dan-wangi-aromanya
849,240.0,7.8,0.5,51.3,Leupeut Ketan ,https://sweetrip.id/wp-content/uploads/2021/05/171584083_119493940234318_4941248120678130162_n.jpg,https://www.medcom.id/gaya/kuliner/zNPYZR7b-resep-lepet-ketan-camilan-lebaran-khas-jawa
855,163.3,2.8,2.2,33.0,Lopis ,https://img-global.cpcdn.com/recipes/08285e540251b661/680x482cq70/lupislopis-ketan-pandan-ala-chef-muhammad-foto-resep-utama.jpg,https://cookpad.com/id/resep/14582361-lupislopis-ketan-pandan-ala-chef-muhammad
857,164.0,1.8,2.1,34.5,Lupis ketan,https://asset.kompas.com/crops/TRFlnZa303pT0iwa7gkId4MCWSA=/0x54:1000x720/750x500/data/photo/2020/06/24/5ef30e98cb1e8.jpg,https://www.kompas.com/food/read/2021/03/16/174231775/resep-lupis-ketan-hitam-kukus-bikin-tanpa-kapur-sirih
874,217.0,2.5,1.0,49.6,Markisa squash,https://asset-a.grid.id/crop/0x0:0x0/x/photo/2021/02/16/resep-squash-markisa-mint-minum-20210216051340.jpg,https://sajiansedap.grid.id/amp/102551299/resep-squash-markisa-mint-enak-minuman-segar-akhir-pekan-yang-bikin-perasaan-kita-happy-terus?page=all
875,104.0,1.2,0.5,23.7,Markisa squash BD,https://asset-a.grid.id/crop/0x0:0x0/x/photo/2021/02/16/resep-squash-markisa-mint-minum-20210216051340.jpg,https://sajiansedap.grid.id/amp/102551299/resep-squash-markisa-mint-enak-minuman-segar-akhir-pekan-yang-bikin-perasaan-kita-happy-terus?page=all
876,265.3,4.7,5.5,49.3,Martabak  manis,https://tasteofnusa.com/wp-content/uploads/2022/03/martabak-manis-12-720x720.jpg,https://okinews.disway.id/read/11867/resep-martabak-manis-rasakan-sensasi-manis-dan-lembut-di-setiap-gigitan
877,153.0,4.5,4.2,24.3,Martabak india,https://i0.wp.com/resepkoki.id/wp-content/uploads/2022/08/Resep-Martabak-Kari.jpg?fit=996%2C1328&ssl=1,https://resepkoki.id/resep/resep-martabak-kari/
879,200.0,8.9,5.1,29.5,Martabak Telur ,https://www.masakapahariini.com/wp-content/uploads/2020/10/Martabak-Telor-Bayam.jpg,https://www.masakapahariini.com/resep/resep-martabak-telor-daging-bayam/
880,369.0,2.1,7.0,74.1,Masekat,https://img-global.cpcdn.com/recipes/af253cf910c76d69/1200x630cq70/photo.jpg,https://cookpad.com/id/resep/7906467-meuseukat-aceh
889,88.0,0.6,3.3,14.0,Mi basah,https://lzd-img-global.slatic.net/g/ff/kf/S32cbc99669db47d09a0603d5b5340a676.jpg_720x720q80.jpg_.webp,https://cookpad.com/id/resep/13103127-resep-mie-tanpa-telur
892,113.0,3.0,3.2,18.1,Mie aceh rebus,https://resepkoki.id/wp-content/uploads/2021/03/Resep-Mie-Aceh.jpg,https://www.enakeco.com/resep-mie-aceh-kuah-pakai-bumbu-mie-goreng-enak-eco/
893,102.0,6.2,3.9,10.5,Mie ayam,https://awsimages.detik.net.id/community/media/visual/2022/10/12/resep-mie-ayam-kecap_43.jpeg?w=1200,https://food.detik.com/mie-dan-pasta/d-6343056/resep-mie-ayam-kecap-rumahan-yang-mans-gurihnya-bikin-nagih
894,114.0,5.3,3.0,16.4,Mie bakso,https://upload.wikimedia.org/wikipedia/commons/a/a9/Indonesian_bakso%2C_with_noodle_and_bean_sprouts%2C_April_2018_%2803%29.jpg,https://www.yummy.co.id/artikel/kuliner/resep-kuah-bakso-ayam
895,86.0,0.6,3.3,14.0,Mie basah,https://www.suarasurabaya.net/wp-content/uploads/2015/12/kk163583_clip10.jpg,https://medium.com/@infousaha/cara-membuat-mie-sendiri-dengan-7-bahan-baku-yang-dijamin-nikmat-cbb227171fca
896,353.0,0.3,0.0,88.0,Mie Bendo,https://img-global.cpcdn.com/recipes/bdd43198a013a918/680x482cq70/mie-lethekmie-bendo-goreng-foto-resep-utama.jpg,https://cookpad.com/id/resep/12280221-mie-lethekmie-bendo-goreng
900,105.0,5.9,4.9,9.4,Mie pangsit basah,https://sweetrip.id/wp-content/uploads/2020/08/bakmisibos_116436440_1141684466204653_5039711773118966116_n.jpg,https://www.kompas.com/food/read/2022/06/11/070800075/resep-mi-ayam-pangsit-rebus-bisa-untuk-ide-jualan
901,190.0,0.2,0.4,46.5,Mie Sagu,https://o-cdn-cas.sirclocdn.com/parenting/images/mie_sagu_goreng.width-800.format-webp.webp,https://www.orami.co.id/magazine/resep-mie-sagu
910,345.0,8.5,2.2,78.0,Misoa,https://i0.wp.com/resepkoki.id/wp-content/uploads/2017/01/Resep-Misoa-goreng.jpg?fit=1896%2C1920&ssl=1,https://resepkoki.id/resep/resep-misoa-goreng/
911,218.0,0.8,16.0,50.2,Misro ,https://resepkoki.id/wp-content/uploads/2016/03/Resep-Misro.jpg,https://resepkoki.id/resep/resep-misro/
912,128.0,8.0,10.0,1.3,Moon tahu,https://asset.kompas.com/crops/6euVEo-wAGx89LIBbuVHsBls00g=/3x0:700x465/750x500/data/photo/2021/02/26/60389a2ca08d2.jpg,https://www.kompas.com/food/read/2021/02/27/071900875/resep-mun-tahu-ayam-udang-teksturnya-lembut-dan-kental
914,330.0,17.8,23.4,12.1,Mujahir acar kuning masakan,https://img-global.cpcdn.com/recipes/8bebe8ed6c7b4f07/680x482cq70/ikan-mujair-acar-kuning-foto-resep-utama.jpg,https://cookpad.com/id/resep/13523786-ikan-mujair-acar-kuning
923,192.0,3.8,8.8,24.4,Nasi gemuk,https://upload.wikimedia.org/wikipedia/commons/thumb/b/bd/Nasi_Gmk.jpg/1200px-Nasi_Gmk.jpg,https://www.detik.com/sumut/kuliner/d-6606753/gurihnya-nasi-gemuk-khas-jambi-yuk-bikin
924,276.0,3.2,3.2,30.2,Nasi Goreng ,https://asset.kompas.com/crops/2RnTJZK6E9ABjS_1qmItNjI1hls=/0x0:5760x3840/750x500/data/photo/2023/02/14/63eb12fb840da.jpg,https://www.kompas.com/food/read/2023/02/17/131700675/25-resep-nasi-goreng-rumahan-ramai-isiannya
925,190.0,4.7,7.5,26.0,Nasi gurih,https://www.frisianflag.com/storage/app/media/uploaded-files/nasi-uduk-betawi.jpg,https://www.frisianflag.com/resep-kami/resep-dengan-susu-cair/resep-nasi-gurih
926,357.0,8.8,0.5,79.5,Nasi jagung,https://tokohinspiratif.id/wp-content/uploads/2019/03/WhatsApp-Image-2019-03-25-at-16.10.19-1280x640.jpeg,https://anekaukm.com/article/ide/647/begini-cara-membuat-nasi-jagung-rendah-kalori-beserta-tipsnya
927,207.0,3.5,5.0,37.1,Nasi minyak,https://upload.wikimedia.org/wikipedia/commons/c/c0/Nasi_Minyak_Palembang_1.jpg,https://dapur-teh-enur.blogspot.com/2021/06/resep-nasi-minyak-samin-khas-sumatera-selatan.html
928,155.0,10.3,4.2,19.1,Nasi rames,https://o-cdn-cas.sirclocdn.com/parenting/images/nasi-rames.width-800.format-webp.webp,https://cookpad.com/id/cari/nasi%20rames
929,120.0,2.4,0.4,26.0,Nasi tim,https://www.masakapahariini.com/wp-content/uploads/2022/08/cara-membuat-nasi-tim-ayam-sayuran-mpasi.jpg,https://www.sasa.co.id/articles/tips-trick/resep-nasi-tim-ayam-si-comfort-food-yang-mudah-dibuat-dan-enak
930,253.3,4.3,21.0,11.7,Nasi Uduk ,https://img.kurio.network/P1Obhh7cenTadrAZ6Hc_XPjaVws=/1200x1200/filters:quality(80)/https://kurio-img.kurioapps.com/21/09/01/53606332-ec0c-478c-add9-78815b5cc658.jpe,https://endeus.tv/resep/nasi-uduk-semur-jengkol-ala-betawi-legit
931,196.0,14.5,8.3,15.9,Nasu likku masakan,https://cdn-2.tstatic.net/makassar/foto/bank/images/nasu-likku-wajo.jpg,https://cookpad.com/id/cari/ayam%20nasu%20likku%20bugis
932,600.0,14.0,41.7,42.0,Noga Kacang Tanah ,https://t-2.tstatic.net/priangan/foto/bank/images/Noga-Suuk.jpg,https://cookpad.com/id/resep/940637-ampyang-kacang-jahe
934,9.0,2.1,6.0,7.1,Olah-olah,https://img-global.cpcdn.com/recipes/45ba2643fc906c09/680x482cq70/olah-olah-foto-resep-utama.jpg,https://cookpad.com/id/resep/8891472-olah-olah
935,187.0,13.0,6.0,22.6,Oncom,https://asset.kompas.com/crops/TJ76EsKIghwcoD2Dkv7GrHGa_x4=/0x9:1000x675/750x500/data/photo/2020/08/04/5f2959f90ed39.jpg,https://www.kompas.com/food/image/2020/08/09/135300375/resep-combro-khas-sunda-camilan-gurih-berisi-oncom?page=3
937,363.3,19.3,19.3,40.3,Oncom Goreng ,https://t-2.tstatic.net/medan/foto/bank/images/Resep-Oncom-Goreng-Tepung.jpg,https://sajiansedap.grid.id/read/103144702/resep-oncom-goreng-tepung-bumbu-ebi-menu-akhir-bulan-sedap-yang-selalu-jadi-idola?page=all
945,40.0,2.0,2.0,3.0,Oncom Merah Sayur (tumis) ,https://cdn.idntimes.com/content-images/community/2022/02/img-20220215-221041-46e2f5aecb68d33317c733fcbbadfb19-3b67f78530f06dc0bb76ba7e4c795a5a_600x400.jpg,https://www.idntimes.com/food/recipe/firda-widi-astuti/tumis-oncom-leunca-c1c2
946,76.0,5.2,1.8,10.6,Oncom pepes,https://asset-a.grid.id/crop/0x0:0x0/700x465/photo/sasefoto/original/33239_pepes-oncom-teri.jpg,https://sajiansedap.grid.id/read/10761935/pepes-oncom-teri-olahan-oncom-yang-bikin-cita-rasanya-naik-level?page=all
947,288.6,8.3,8.9,44.3,Onde-onde ,https://www.masakapahariini.com/wp-content/uploads/2020/10/resep-onde-onde.jpg,https://www.masakapahariini.com/resep/resep-onde-onde/
948,115.0,1.5,6.0,14.0,Ongol-ongol ,https://blog.tokowahab.com/wp-content/uploads/2020/01/Resep-Ongol-Ongol.jpg,https://cookpad.com/id/resep/8680806-ongol-ongol
949,111.0,0.3,2.7,21.2,Ongol-ongol sagu,https://img-global.cpcdn.com/recipes/c2a7ee1d87669ccd/680x482cq70/ongol-ongol-sagu-foto-resep-utama.jpg,https://cookpad.com/id/resep/10612464-ongol-ongol-sagu
953,351.0,0.9,0.9,84.9,Oyek,https://asset-a.grid.id/crop/0x0:0x0/780x800/photo/bobofoto/original/20348_nasi-oyek.JPG,https://cookpad.com/id/resep/16523410-oyektiwul-manis
954,342.0,2.3,0.1,83.1,Oyek (dari singkong),https://asset-a.grid.id/crop/0x0:0x0/780x800/photo/bobofoto/original/20348_nasi-oyek.JPG,https://cookpad.com/id/resep/16543626-oyeknasi-singkong
958,460.0,28.5,35.2,7.2,Paniki masak santan masakan,https://img-global.cpcdn.com/recipes/0435c98a0facbd6b/680x482cq70/ayam-paniki-kuah-santan-daun-kemangi-foto-resep-utama.jpg,https://cookpad.com/id/resep/14330664-paniki-ayam?ref=search&search_term=Paniki
959,133.8,3.0,1.6,27.0,Papais ,https://cdn-brilio-net.akamaized.net/news/2022/02/15/222989/1667876-1000xauto-resep-papais-pisang.jpg,https://cookpad.com/id/resep/22575476-76-papais-kelapa-parut?ref=search&search_term=papais
960,61.0,0.2,0.1,14.9,Papeda,https://upload.wikimedia.org/wikipedia/commons/thumb/0/01/Papeda%2C_Kuah_Kuning%2C_Ikan_Tude_Bakar_2.jpg/1200px-Papeda%2C_Kuah_Kuning%2C_Ikan_Tude_Bakar_2.jpg,https://cookpad.com/id/resep/22577826-seblak-papeda-simpel?ref=search&search_term=papeda
961,87.0,10.5,2.5,5.5,Parede baleh masakan,"https://cdn.yummy.co.id/content-images/images/20200815/2YZZLlB1Zbu1u15lVU5vD8BzPnocXd9x-31353937343730313934d41d8cd98f00b204e9800998ecf8427e.jpg?x-oss-process=image/format,webp",https://www.yummy.co.id/resep/bale-parede-1
965,307.0,4.5,13.3,42.4,Pastel,https://img-global.cpcdn.com/recipes/66d15fa15c092e35/1200x630cq70/photo.jpg,https://cookpad.com/id/resep/22673854-karipap-or-pastel-kerang?ref=search&search_term=pastel
969,75.0,2.5,2.8,10.0,Pelecing kangkung,https://awsimages.detik.net.id/community/media/visual/2021/11/30/resep-plecing-kangkung-khas-lombok_43.jpeg?w=1200,https://resepkoki.id/resep/resep-plecing-kangkung/
970,219.0,19.7,13.6,4.4,Pelepah manuk masakan,https://cdn2.tstatic.net/tribunnewswiki/foto/bank/images/Ilustrasi-pelepah-manuk-khas-NTT2.jpg,https://cookpad.com/id/resep/678116-pelepah-manuk-khas-ntt
971,162.0,4.9,3.0,27.8,Pempek adaan,https://asset.kompas.com/crops/ZCo2_DcJAXGslXbYIM3Zv4nCzsA=/0x41:1000x708/750x500/data/photo/2021/03/01/603c1e79dd9d3.jpg,https://cookpad.com/id/resep/17234527-358-pempek-adaan-pempek-bulat?ref=search&search_term=pempek%20adaan
973,152.0,4.5,2.3,28.2,Pempek kapal selam,https://blog.duniamasak.com/wp-content/uploads/image2-1024x1024.jpeg,https://cookpad.com/id/resep/17306569-pekmpek-tenggiri-kapal-selam-lenjer?ref=search&search_term=Pempek%20kapal%20selam
974,211.0,12.3,6.1,26.6,Pempek kelesan,https://assets.ayobandung.com/crop/0x0:0x0/750x500/webp/photo/halloseleb/2020/11/Pempek-1.png,https://cookpad.com/id/resep/12461201-pempek-kelesan-bangka-cuka-anti-cuka-botol?ref=search&search_term=Pempek%20kelesan
975,243.0,5.2,7.3,39.1,Pempek kulit,https://img.kurio.network/qccsgXHXu9eyYhL6WTN-KoaY8xE=/1200x1200/filters:quality(80)/https://kurio-img.kurioapps.com/20/06/05/40ff5973-31a7-407f-be12-b3d3af335023.jpg,https://cookpad.com/id/resep/22550501-pempek-kulit-ikan-seluang?ref=search&search_term=Pempek%20kulit
976,173.0,7.2,1.2,33.4,Pempek tenggiri,https://s0.bukalapak.com/uploads/content_attachment/fd3107d582c4f80e5448ada5/original/foto_utama_pempek_2.jpg,https://cookpad.com/id/resep/22674540-pempek-ikan-tengiri?ref=search&search_term=Pempek%20tenggiri
977,372.0,7.8,36.3,3.5,Pencok lele masakan,https://img-global.cpcdn.com/recipes/385569312441e99f/680x482cq70/pencok-lele-foto-resep-utama.jpg,https://cookpad.com/pt/receitas/15587342-pencok-lele
980,275.0,11.6,11.6,30.2,Pepaya lodeh,https://img-global.cpcdn.com/recipes/5355bb65be878c54/680x482cq70/lodeh-pepaya-muda-foto-resep-utama.jpg,https://www.yummy.co.id/resep/lodeh-pepaya-muda-6
988,220.0,15.0,0.1,40.0,Petis Udang,https://img-global.cpcdn.com/recipes/9495ed8f8ea95711/680x482cq70/petis-udang-foto-resep-utama.jpg,https://www.yummy.co.id/resep/petis-udang-homemade-8
989,345.0,23.8,1.4,59.3,Petis udang kering,https://i0.wp.com/harga.web.id/wp-content/uploads/Petis-Udang-1.jpg?fit=680%2C300&ssl=1,https://www.yummy.co.id/resep/petis-udang-homemade-8
991,514.0,1.0,27.8,647.0,Pilus ,https://asset.kompas.com/crops/S7g9b7Wq4I4Ut3RoExzI7yd2mL4=/0x0:1000x667/750x500/data/photo/2021/12/10/61b2aa4cbd1f3.jpg,yummy.co.id/blog/resep/pilus
992,107.0,15.9,0.6,0.4,Pinda masakan,https://cdn.idntimes.com/content-images/post/20200530/2-a6cb06028f22e293879ec7f5cc4a19fd.jpg,https://cookpad.com/id/resep/22676630-pindang-ikan?ref=search&search_term=pindang%20ikan
993,157.0,28.0,4.2,0.0,Pindang Ikan Banjar,https://img-global.cpcdn.com/recipes/14d53b21dadc8a0a/680x482cq70/pindang-patin-urang-banjar-ala-ulun-foto-resep-utama.jpg,https://cookpad.com/id/resep/15502017-tumis-pindang-banjar?ref=search&search_term=pindang%20banjar
994,170.0,31.0,4.2,0.0,Pindang Ikan Benggol,https://img-global.cpcdn.com/recipes/c8d60c4a0a1eeb05/680x482cq70/pindang-benggol-bumbu-kecap-mantuuul-foto-resep-utama.jpg,https://cookpad.com/id/resep/11698484-pindang-ikan-benggol-rumahan?ref=search&search_term=pindang%20ikan%20benggol
995,153.0,30.0,2.8,0.0,Pindang Ikan Layang,https://img-global.cpcdn.com/recipes/d32672cdc5392959/400x400cq70/photo.jpg,https://cookpad.com/id/resep/17105154-ikan-layang-pindang-kecap?ref=search&search_term=pindang%20ikan%20layang
1002,220.0,2.3,2.3,6.3,Pisang Goreng ,https://awsimages.detik.net.id/community/media/visual/2022/06/28/resep-pisang-goreng-keriting_43.jpeg?w=1200,https://cookpad.com/id/resep/22657614-pisang-goreng-krispi-tahan-lama?ref=search&search_term=pisang%20goreng
1016,625.0,1.0,0.0,8.1,Pisang Siam goreng,https://asset-a.grid.id/crop/0x0:0x0/700x465/photo/2022/12/05/pisang-gorengjpg-20221205080417.jpg,https://cookpad.com/id/resep/22657614-pisang-goreng-krispi-tahan-lama?ref=search&search_term=pisang%20goreng
1020,216.0,2.6,3.1,44.4,Pulut,https://assets.tmecosys.com/image/upload/t_web767x639/img/recipe/ras/Assets/B407551B-198D-472D-B9D8-4F11D6C1AE25/Derivates/91E2E036-AF80-4A24-91FF-EE9631211E26.jpg,https://www.shiokmanrecipes.com/2016/11/24/pulut-inti/
1022,104.0,1.9,4.1,15.1,Pundut nasi,https://img-global.cpcdn.com/recipes/bd0db074266f1019/1200x630cq70/photo.jpg,https://www.bacaresepdulu.com/resep-nasi-pundut/
1026,163.0,2.2,6.5,23.8,Putri selat,https://asset-a.grid.id/crop/0x0:0x0/700x465/photo/2020/09/16/2138675327.jpg,https://cookpad.com/id/resep/14091119-kue-putri-selat
1027,200.0,1.0,2.4,43.8,Putu Mayang ,https://awsimages.detik.net.id/community/media/visual/2022/05/12/resep-putu-mayang-betawi_43.jpeg?w=1200,https://cookpad.com/id/resep/17183519-putu-mayang-telang?ref=search&search_term=putu%20mayang
1034,295.0,7.3,8.5,47.5,Rarawuan ,https://1.bp.blogspot.com/-0ER95zwTjoo/YOHlYJOtQCI/AAAAAAAAgJ0/d2OeMsWXfuAm2YimGXpKX5OVJqYEqoXpwCLcBGAsYHQ/s1352/209813966_330785408583521_6848659010339177574_n.jpg,https://www.instagram.com/bunda_didi/p/CQ5jq4Ar1eN/
1037,60.0,5.4,2.5,4.0,Rawon masakan,https://www.masakapahariini.com/wp-content/uploads/2018/04/resep-rawon-daging-500x300.jpg,https://www.masakapahariini.com/resep/resep-rawon-daging/
1043,451.0,11.2,20.2,59.7,Rempeyek kacang tolo,https://img-global.cpcdn.com/recipes/48ce62ec9bac2146/1200x630cq70/photo.jpg,https://cookpad.com/id/resep/17230009-peyek-kacang-ijo
1044,497.0,17.0,27.6,50.8,Rempeyek kacang uci,https://img-global.cpcdn.com/recipes/a6f9e4ebc75b128d/680x482cq70/rempeyek-kacang-tanah-foto-resep-utama.jpg,https://cookpad.com/id/cari/rempeyek%20kacang
1045,193.0,22.6,7.9,7.8,Rendang sapi masakan,https://asset.kompas.com/crops/HDe5rLDP0dEOLb6MC_UPvRTwFg8=/0x141:500x474/750x500/data/photo/2021/05/11/609a08809259f.jpg,https://www.kompas.com/tag/resep-rendang-enak
1046,471.0,4.7,21.8,64.1,Renggi goreng,https://cdn.idntimes.com/content-images/community/2019/05/rengginang-manis-768x509-a83023517a0077a930f4f7d1c113f41d.jpg,https://www.kompas.com/food/read/2021/05/02/091100375/cara-membuat-rengginang-gurih-untuk-isi-stoples-lebaran
1048,335.0,5.3,3.5,70.5,Risoles ,https://rasabunda.com/wp-content/uploads/2021/08/Risoles-Ragout.jpg,https://www.fimela.com/food/read/5056522/7-resep-risol-mayo-enak-yang-mudah-dibuat-di-rumah
1049,341.0,5.5,16.2,43.3,Roti boong,https://img-global.cpcdn.com/recipes/cee92d5a548ee3d5/680x482cq70/kue-bohongroti-goreng-empuk-dan-menul-foto-resep-utama.jpg,https://cookpad.com/id/resep/13683105-kue-bohongroti-goreng-empuk-dan-menul
1050,350.0,7.5,2.0,75.5,Roti Gambang ,https://cdn0-production-images-kly.akamaized.net/TR6XRCpau_4ik-E3GDzTng6DDnU=/0x300:4496x2834/1200x675/filters:quality(75):strip_icc():format(webp)/kly-media-production/medias/3573373/original/099205200_1631765412-shutterstock_1786072643.jpg,https://sajiansedap.grid.id/tag/roti-gambang
1051,248.0,8.0,1.2,50.0,Roti Putih,https://www.yesdok.com/visual/slideshow/slices-bread-white-background-article-1625550183.jpg?w=1200,https://www.fimela.com/food/read/4966342/5-resep-roti-tawar-empuk-yang-mudah-dibuat-di-rumah
1053,153.0,11.3,8.4,8.0,Rujak cingur,https://lingkar.news/wp-content/uploads/2023/03/Resep-Rujak-Cingur-Makanan-Tradisional-Khas-Surabaya.jpg,https://www.briliofood.net/resep/10-resep-olahan-cingur-sapi-kenyal-enak-dan-cocok-dijadikan-lauk-2105177.html
1056,110.0,11.5,2.0,11.7,Rusip,https://indonesiakaya.com/wp-content/uploads/2020/10/1__Sambal_rusip_merupakan_sambal_khas_masyarakat_Bangka_yang_terbuat_dari_ikan_teri_edit.jpg,https://www.kaskus.co.id/thread/6225e7c61a3b2d2b3664466d/resep-sambal-rusip-khas-bangka-belitung-teman-makan-lalapan-yang-menyegarkan
1057,198.0,24.6,10.7,0.9,RW anjing masakan,https://akcdn.detik.net.id/customthumb/2014/08/13/297/daginganjingtorajadalam.jpg?w=700&q=90,https://food.detik.com/info-kuliner/d-2661405/rw-masak-kering-sajian-daging-anjing-khas-tana-toraja
1059,338.0,0.6,0.3,83.1,Sagu Ambon ,https://akcdn.detik.net.id/community/media/visual/2019/05/23/5d8019b4-a99b-4aea-a6e1-96be21f8e194_43.jpeg?w=250&q=,https://bluecheddar.net/bubur-sagu-resep-autentik-dengan-cita-rasa-unik/
1060,355.0,0.6,1.1,85.6,Sagu aren kering,https://img-global.cpcdn.com/recipes/66e50eace9b95af6/1200x630cq70/photo.jpg,https://cookpad.com/id/resep/9105363-kue-sagu-aren
1062,291.0,0.5,4.0,63.4,Sagu forno,https://awsimages.detik.net.id/community/media/visual/2021/06/25/sagu-porno_43.jpeg?w=650&q=80,https://www.youtube.com/watch?v=4CO6mnsZdzw
1064,452.0,2.8,14.8,76.8,Sagu Lemak (Kue Sagon),https://images.tokopedia.net/img/cache/700/VqbcmM/2021/3/5/d8ba35a9-c0a0-4194-9bf0-ec93071792cc.jpg,https://cookpad.com/id/cari/kue%20sagon%20sagu
1066,364.0,0.1,0.2,90.5,Sagu Rendang,https://img-global.cpcdn.com/recipes/52dbe680ea623036/1200x630cq70/photo.jpg,https://cookpad.com/id/resep/13378195-bubur-randang-khas-kalsel
1068,354.0,0.8,8.3,68.9,Sagu sinole,https://img-global.cpcdn.com/recipes/9051c1a3e2650c22/680x482cq70/kue-kering-sagu-keju-simple-dan-enak-foto-resep-utama.jpg,https://cookpad.com/id/resep/770379-kue-kering-sagu-keju-simple-dan-enak
1072,281.0,2.4,0.7,66.1,Sale pisang siam,https://t-2.tstatic.net/priangan/foto/bank/images/Ilustrasi-sale-pisang-dari-Trenggalek.jpg,https://www.kompas.com/food/read/2022/04/20/101100775/5-cara-membuat-sale-pisang-sederhana-yang-tahan-lama
1076,98.0,2.0,0.4,24.5,Saos Tomat,https://static.sehatq.com/content/review/image/1644897313.png,https://eng.obozrevatel.com/section-food/news-what-to-add-to-homemade-ketchup-to-make-it-rich-in-color-a-very-simple-ingredient-18-09-2023.html
1077,212.0,18.0,10.6,59.3,Sapi abon,https://cdn0-production-images-kly.akamaized.net/fqIGhZT1Z1Zu36S_0_xZCoJSI5A=/1200x900/smart/filters:quality(75):strip_icc():format(jpeg)/kly-media-production/medias/3980335/original/086906600_1648695608-Abon_Sapi_Premium.jpg,https://www.liputan6.com/hot/read/5007913/5-cara-membuat-abon-sapi-dengan-mudah-lauk-enak-yang-tahan-lama
1079,182.0,32.0,6.0,0.0,Sapi daging asap,https://asset.kompas.com/crops/FMBgpWLQutfbdsgz0ZytI8a9JKo=/0x542:1080x1262/750x500/data/photo/2022/03/22/6239b98488b17.jpg,https://www.kompas.com/food/read/2022/03/22/200600775/3-cara-membuat-daging-brisket-asap-ide-bisnis-rumahan
1093,360.0,57.3,6.0,19.2,Sapi paru dendeng mentah,https://img-global.cpcdn.com/recipes/e709be83be77515c/680x482cq70/dendeng-paru-kering-foto-resep-utama.jpg,https://cookpad.com/id/resep/6207770-dendeng-paru-kering
1094,268.0,23.9,12.7,14.5,Sapi paru goreng,https://awsimages.detik.net.id/community/media/visual/2022/07/14/resep-paru-goreng-ketumbar_43.jpeg?w=1200,https://food.detik.com/daging/d-6178353/resep-paru-goreng-ketumbar-yang-renyah-gurih-bikin-nagih
1099,166.0,2.3,2.8,32.9,Sarimuka,"https://cdn.yummy.co.id/content-images/images/20200413/KrnfHZ9pmu6mOFKig8QN5LoC7ev3vhPG-31353836373531353434d41d8cd98f00b204e9800998ecf8427e.jpg?x-oss-process=image/format,webp",https://www.yummy.co.id/resep/sarimuka-pandan
1100,283.0,12.1,16.8,20.9,Sate Bandeng,https://asset.kompas.com/crops/4UfXhXtR7hK2atnUpqKRHGbhFuk=/3x0:700x465/750x500/data/photo/2021/02/16/602b2a91ca7f1.jpg,https://www.kompas.com/food/read/2021/02/16/100800675/resep-sate-bandeng-khas-banten-kreasi-bandeng-tanpa-tulang
1101,110.0,15.5,0.5,11.5,Sate Kulit ,https://img.qraved.co/v2/image/data/over-1530587392136-x.png,https://cookpad.com/id/resep/16774428-sate-kulit-ayam
1103,274.0,12.9,18.6,13.6,Sate pusut masakan,https://cdn0-production-images-kly.akamaized.net/-ZH0E7VH_7Y_VdtKDmgokQ4DAAs=/0x0:5184x2922/1200x675/filters:quality(75):strip_icc():format(webp)/kly-media-production/medias/3652549/original/060993000_1638588819-shutterstock_1729690198.jpg,https://www.fimela.com/food/read/4728057/resep-sate-pusut-khas-lombok
1104,126.7,14.0,7.3,1.3,Sate Usus ,https://assets.pikiran-rakyat.com/crop/0x0:0x0/x/photo/2022/03/17/92418359.jpeg,https://herstory.co.id/read80908/resep-sate-usus-ayam-enggak-amis-enak-dicocol-dengan-sambal-kecap
1113,29.0,0.7,0.6,5.0,Sayur asem,https://kbu-cdn.com/dk/wp-content/uploads/sayur-asem-betawi.jpg,https://cookpad.com/id/cari/sayur%20asem
1114,49.0,1.7,0.3,9.8,Sayur bunga pepaya,https://img.okezone.com/content/2016/08/11/298/1461224/resep-tumis-bunga-pepaya-anti-pahit-FVC55ioetB.jpg,https://www.fimela.com/lifestyle/read/3763129/resep-praktis-tumis-bunga-pepaya-enaknya-keterlaluan
1115,178.0,2.6,13.9,10.6,Sayur garu,https://image.akurat.co/images/uploads/images/akurat_20181220020604_MYQ3rr.jpg,https://cookpad.com/id/resep/906244-sayur-garo-khas-maluku-utara
1116,133.0,7.3,6.6,11.2,Sayur kohu-kohu,https://cdn2.tstatic.net/tribunnewswiki/foto/bank/images/Kohu-Kohu-1.jpg,https://cookpad.com/id/resep/14624190-kohu-kohu-khas-maluku
1117,64.0,2.1,0.6,12.5,Sayur lebui,https://asset-a.grid.id/crop/0x0:0x0/x/photo/2021/02/25/sayur-lebuijpg-20210225095814.jpg,https://sajiansedap.grid.id/read/102574266/spesial-saji-sedap-mengenal-lebui-lebih-dekat-si-kacang-hitam-yang-khas-dari-lombok?page=all
1118,36.0,2.7,0.7,4.8,Sayur lilin-terubuk,https://img-global.cpcdn.com/recipes/a038616fb592cfd1/680x482cq70/sayur-lilinterubuk-santan-foto-resep-utama.jpg,https://cookpad.com/id/cari/sayur%20lilin
1120,27.0,1.3,2.0,1.0,Sayur sop,https://www.astronauts.id/blog/wp-content/uploads/2022/07/Resep-Sayur-Sop-Bening-Enak-dan-Gurih-Cocok-Saat-Tubuh-Kurang-Fit-1024x683.jpg,https://www.halodoc.com/artikel/ini-resep-sayur-sop-penuh-nutrisi-yang-jadi-favorit-keluarga
1121,67.0,5.2,2.9,5.1,Sayur umbut kelapa,https://cdn0-production-images-kly.akamaized.net/H6v-Vuj_s2NuBQ1JVdAtUOraaOI=/0x0:998x562/469x260/filters:quality(75):strip_icc():format(webp)/kly-media-production/medias/3603077/original/021559400_1634270571-shutterstock_2045298773.jpg,https://www.fimela.com/tag/resep-gulai-rebung
1122,57.0,5.4,2.6,3.1,Sayur umbut rotan,https://img-global.cpcdn.com/recipes/02702f896cf4ff96/680x482cq70/umbut-rotan-foto-resep-utama.jpg,https://cookpad.com/id/resep/10727610-umbut-rotan
1128,192.5,4.5,6.0,30.3,Semur Jengkol ,https://assets.pikiran-rakyat.com/crop/0x135:1080x1215/x/photo/2020/11/25/1187166638.jpg,https://herstory.co.id/read56590/resep-semur-jengkol-pedas-dijamin-bikin-nagih
1131,88.0,7.9,1.6,10.6,Sepi masakan,https://img-global.cpcdn.com/recipes/5816c55413474302/1200x630cq70/photo.jpg,https://cookpad.com/id/resep/14581432-sepi-tumis-kecap
1134,213.0,0.0,0.0,55.0,Setrup sirup,https://awsimages.detik.net.id/community/media/visual/2021/05/10/resep-sirup-cocopandan-1.jpeg?w=720,https://food.detik.com/minuman/d-5565444/resep-sirup-cocopandan-alami-sederhana-buatan-rumahan
1136,474.0,11.2,42.5,11.7,Sie reuboh masakan,https://cdn0-production-images-kly.akamaized.net/9A6K5z9xgb8RkvkFIp5RFFE5b_o=/0x185:4800x2890/469x260/filters:quality(75):strip_icc():format(webp)/kly-media-production/medias/3911399/original/008984200_1642826892-shutterstock_2081704363.jpg,https://www.fimela.com/food/read/4866621/resep-sie-reuboh-daging-cuka-khas-aceh
1138,285.0,1.0,18.0,28.0,Singkong Goreng ,https://sweetrip.id/wp-content/uploads/2022/04/singkong.jpeg,https://sweetrip.id/kuliner/resep-singkong-goreng-merekah-yang-praktis/
1139,146.0,1.2,0.3,34.7,Singkong kukus,https://asset.kompas.com/crops/5kSIoZRz5urTHMM1PdoIQ64E0zU=/0x0:996x664/750x500/data/photo/2021/08/21/61208628cd52c.jpg,https://sajiansedap.grid.id/read/103750301/cara-mengukus-singkong-agar-hasilnya-empuk-pulen-dan-merekah-ala-pedagang-gorengan-bikinan-sendiri-dijamin-berhasil?page=all
1140,173.0,0.5,0.1,42.5,Singkong tape,https://image-cdn.medkomtek.com/KWOw6uO2QBAVuCumxbrxIkbIIek=/1200x675/smart/klikdokter-media-buckets/medias/2321509/original/051458700_1606124573-Awas-Kebanyakan-Makan-Tape-Singkong-Bikin-Keputihan-shutterstock_1790685980.jpg,https://radarmukomuko.bacakoran.co/read/2919/cara-murah-membuat-tapai-singkong-manis
1141,95.3,4.4,2.2,14.4,Siomay ,https://awsimages.detik.net.id/community/media/visual/2021/11/17/resep-siomay-ayan-jamur_43.jpeg?w=1200,https://food.detik.com/kue/d-6718258/3-resep-siomay-gurih-empuk-untuk-camilan-sore-atau-bekal
1144,71.0,7.5,3.6,2.2,Sop buntut masakan,https://img-global.cpcdn.com/recipes/91727f982ad54daa/1200x630cq70/photo.jpg,https://cookpad.com/id/resep/6024741-sop-buntut-spesial
1145,49.0,5.8,0.5,5.3,Sop daging sapi masakan,https://img.okezone.com/content/2020/02/27/298/2175054/resep-sayur-sop-daging-masakan-rumahan-paling-populer-24WHr0ACJo.jpg,https://lifestyle.okezone.com/read/2020/02/27/298/2175054/resep-sayur-sop-daging-masakan-rumahan-paling-populer
1146,68.0,9.0,1.9,3.7,Sop kaki sapi masakan,https://www.ruparupa.com/blog/wp-content/uploads/2021/06/Screen-Shot-2021-06-21-at-14.11.27.png,https://www.ruparupa.com/blog/bumbu-sop-kaki-sapi/
1147,34.0,5.5,0.8,1.1,Sop kambing masakan,https://asset.kompas.com/crops/4BopB2so0iCh5Dj_6QkB41md3B0=/3x0:700x465/750x500/data/photo/2021/01/15/6000de7b45e69.jpg,https://www.kompas.com/food/read/2021/01/15/110300475/resep-sop-kambing-bening-hidangan-berkuah-untuk-musim-hujan
1148,71.0,7.4,2.6,4.5,Sop konro masakan,https://asset.kompas.com/crops/t9vL2Z6ZAjt7cnpl05cuYOfd2k4=/129x72:651x420/750x500/data/photo/2020/07/30/5f22636a0e7e0.jpg,https://www.kompas.com/food/read/2020/07/30/150500275/resep-sop-konro-khas-makassar-cocok-untuk-santapan-idul-adha
1149,12.0,0.5,0.1,2.0,Sop Kool,https://gallery-jateng.poskota.co.id/storage/Foto/2020/1608103380_1-org.png,https://cookpad.com/id/cari/sup%20kol%20bumbu%20kunci
1150,15.0,0.6,0.1,3.1,Sop Kool dan Wortel,https://img-global.cpcdn.com/recipes/8adcb73d8f012620/680x482cq70/sop-kol-simple-foto-resep-utama.jpg,https://www.yummy.co.id/resep/sop-wortel-dan-kembang-kol
1151,89.0,7.2,5.0,3.9,Sop saudara masakan,https://resepkoki.id/wp-content/uploads/2018/03/Resep-Sop-Sodara.jpg,https://www.idntimes.com/food/recipe/dimas-hutama/resep-sop-saudara-khas-makassar-c1c2
1152,42.0,3.9,1.7,2.8,Soto bandung masakan,https://asset.kompas.com/crops/aq7SWhGNCO6UTombdviZuAchnCM=/3x0:700x465/750x500/data/photo/2021/04/21/607ff824cb839.jpg,https://www.kompas.com/food/read/2021/04/21/193700875/resep-soto-bandung-soto-sapi-kuah-bening-cocok-untuk-makanan-sahur-
1153,110.0,2.9,9.5,3.2,Soto banjar masakan,https://www.masakapahariini.com/wp-content/uploads/2019/06/5.jpg,https://www.masakapahariini.com/resep/resep-soto-banjar/
1154,135.0,2.5,8.8,11.5,Soto betawi masakan,https://www.unileverfoodsolutions.co.id/dam/global-ufs/mcos/SEA/calcmenu/recipes/ID-recipes/soups/soto-betawi/main-header.jpg,https://www.unileverfoodsolutions.co.id/id/recipe/soto-betawi-R0032465.html
1155,127.5,2.6,9.4,8.3,Soto dengan Daging,https://img.kurio.network/mjtADdO0Q-nnAohGaTqVBvp8rMc=/1200x1200/filters:quality(80)/https://kurio-img.kurioapps.com/21/03/01/0bfa7a3d-28f6-440f-907b-def23ccb96d9.jpe,https://endeus.tv/resep/soto-daging
1156,92.0,11.8,4.3,1.4,Soto jeroan masakan,https://awsimages.detik.net.id/community/media/visual/2022/03/15/resep-soto-jeroan-sapi_43.jpeg?w=1200,https://food.detik.com/daging/d-6951353/3-resep-jeroan-sapi-berbumbu-pedas-gurih-cocok-buat-lauk-bekal
1157,38.0,2.6,2.3,1.8,Soto kudus masakan,https://www.masakapahariini.com/wp-content/uploads/2020/02/soto-kudus-7.jpg,https://www.masakapahariini.com/resep/resep-soto-kudus/
1158,60.0,3.5,4.5,1.3,Soto madura masakan,"https://cdn.yummy.co.id/content-images/images/20210311/FyZCyT9dfZQGp9zNZhL2iuoQn9pA7hpK-31363135343538363836d41d8cd98f00b204e9800998ecf8427e.jpg?x-oss-process=image/format,webp",https://www.yummy.co.id/resep/soto-daging-khas-madura
1159,127.0,5.9,6.6,11.0,Soto padang masakan,https://topwisata.info/wp-content/uploads/2020/11/resep2Bsoto2Bpadang2B252812529.jpg,https://bangka.sonora.id/read/502385858/dilengkapi-dengan-kerupuk-merah-berikut-ini-cara-membuat-soto-padang
1160,94.0,3.0,6.8,5.1,Soto pekalongan masakan,https://www.topwisata.info/wp-content/uploads/2021/12/Soto-Tauto-Pekalongan-1.jpg,https://www.detik.com/jateng/kuliner/d-6722930/resep-tauto-soto-khas-pekalongan-pakai-tauco-kuahnya-gurih
1161,75.0,3.6,5.2,3.5,Soto pemalang masakan,https://i0.wp.com/bogor-today.com/wp-content/uploads/2022/09/87456.jpg,https://cookpad.com/id/cari/soto%20pemalang
1162,80.0,3.2,3.5,9.0,Soto sukaraja masakan,https://www.piknikdong.com/wp-content/uploads/2021/04/Resep-Soto-Sokaraja.jpg,https://cookpad.com/id/resep/242374-soto-sokaraja-asli-banyumas
1163,86.0,2.3,8.5,0.0,Soto sulung masakan,https://www.primarasa.co.id/images/images/Soto%20sulung%20artikel%281%29.jpg,https://www.idntimes.com/food/recipe/wisnu-ariansyah/resep-soto-sulung-khas-surabaya-cita-rasa-kuahnya-mantap-dan-nikmat-c1c2
1164,117.1,0.4,8.6,9.6,Soto tanpa Daging ,https://resepkoki.id/wp-content/uploads/2019/11/Soto-Ayam-Bening.jpg,https://resepkoki.id/resep/resep-soto-ayam-bening/
1165,139.0,7.4,2.1,22.6,Spaghetti,https://images.immediate.co.uk/production/volatile/sites/30/2022/09/Spicy-tomato-spaghetti-caf3053.jpg,https://cookpad.com/id/cari/spaghetti
1167,75.0,5.6,0.4,12.2,Sukiyaki masakan,https://www.masakapahariini.com/wp-content/uploads/2022/05/sukiyaki-praktis.jpg,https://www.masakapahariini.com/resep/resep-sukiyaki-praktis/
